gas, temp, humidity, gas
2.56577,0.52,0.33,air
2.57157,0.52,0.33,air
2.57157,0.52,0.33,air
2.58912,0.52,0.33,air
2.57739,0.52,0.33,air
2.58912,0.52,0.33,air
2.58912,0.52,0.33,air
2.59898,0.52,0.33,air
2.59898,0.52,0.33,air
2.61091,0.52,0.33,air
2.597,0.52,0.33,air
2.61091,0.52,0.33,air
2.61291,0.52,0.33,air
2.61091,0.52,0.33,air
2.60294,0.52,0.33,air
2.62093,0.52,0.33,air
2.61091,0.52,0.33,air
2.61491,0.52,0.33,air
2.61892,0.52,0.33,air
2.64121,0.52,0.33,air
2.62901,0.52,0.33,air
2.65353,0.52,0.33,air
2.63917,0.52,0.33,air
2.63306,0.52,0.33,air
2.62901,0.52,0.33,air
2.64941,0.52,0.33,air
2.65147,0.52,0.33,air
2.64326,0.52,0.33,air
2.67014,0.52,0.33,air
2.64531,0.52,0.33,air
2.64941,0.52,0.33,air
2.6556,0.52,0.33,air
2.65974,0.52,0.33,air
2.65147,0.52,0.33,air
2.67014,0.52,0.33,air
2.67852,0.52,0.33,air
2.67014,0.52,0.33,air
2.68062,0.52,0.33,air
2.67642,0.52,0.33,air
2.67852,0.52,0.33,air
2.67642,0.52,0.33,air
2.69971,0.52,0.33,air
2.67852,0.52,0.33,air
2.68695,0.52,0.33,air
2.68695,0.52,0.33,air
2.69331,0.52,0.33,air
2.69971,0.52,0.33,air
2.69757,0.52,0.33,air
2.70184,0.52,0.33,air
2.68484,0.52,0.33,air
2.67852,0.52,0.33,air
2.69119,0.52,0.33,air
2.70184,0.52,0.33,air
2.70184,0.52,0.33,air
2.69971,0.52,0.33,air
2.71474,0.52,0.33,air
2.70827,0.52,0.33,air
2.7234,0.52,0.33,air
2.69971,0.52,0.33,air
2.72123,0.52,0.33,air
2.69971,0.52,0.33,air
2.69971,0.52,0.33,air
2.70827,0.52,0.33,air
2.72123,0.52,0.33,air
2.72557,0.52,0.33,air
2.73212,0.52,0.33,air
2.72993,0.52,0.33,air
2.72557,0.52,0.33,air
2.72775,0.52,0.33,air
2.71474,0.52,0.33,air
2.71258,0.52,0.33,air
2.72993,0.52,0.33,air
2.73212,0.52,0.33,air
2.71906,0.52,0.33,air
2.72775,0.52,0.33,air
2.73212,0.52,0.33,air
2.72993,0.52,0.33,air
2.73212,0.52,0.33,air
2.7387,0.52,0.33,air
2.7365,0.52,0.33,air
2.72123,0.52,0.33,air
2.72557,0.52,0.33,air
2.73212,0.52,0.33,air
2.73431,0.52,0.33,air
2.7387,0.52,0.33,air
2.7387,0.52,0.33,air
2.75194,0.52,0.33,air
2.74751,0.52,0.33,air
2.7453,0.52,0.33,air
2.74973,0.52,0.33,air
2.7387,0.52,0.33,air
2.75194,0.52,0.33,air
2.7431,0.52,0.33,air
2.74751,0.52,0.33,air
2.74751,0.52,0.33,air
2.7453,0.52,0.33,air
2.74973,0.52,0.33,air
2.7431,0.52,0.33,air
2.74751,0.52,0.33,air
2.7431,0.52,0.33,air
2.75639,0.52,0.33,air
2.76085,0.52,0.33,air
2.74973,0.52,0.33,air
2.75416,0.52,0.33,air
2.75416,0.52,0.33,air
2.76085,0.52,0.33,air
2.75639,0.52,0.33,air
2.76308,0.52,0.33,air
2.76308,0.52,0.33,air
2.75862,0.52,0.33,air
2.75639,0.52,0.33,air
2.75862,0.52,0.33,air
2.76308,0.52,0.33,air
2.76756,0.52,0.33,air
2.75862,0.52,0.33,air
2.76981,0.52,0.33,air
2.76085,0.52,0.33,air
2.76085,0.52,0.33,air
2.76756,0.52,0.33,air
2.76532,0.52,0.33,air
2.76532,0.52,0.33,air
2.76308,0.52,0.33,air
2.76981,0.52,0.33,air
2.76981,0.52,0.33,air
2.77431,0.52,0.33,air
2.77431,0.52,0.33,air
2.77883,0.52,0.33,air
2.77206,0.52,0.33,air
2.75416,0.52,0.33,air
2.76981,0.52,0.33,air
2.78336,0.52,0.33,air
2.78791,0.52,0.33,air
2.78336,0.52,0.33,air
2.79019,0.52,0.33,air
2.79934,0.52,0.33,air
2.79247,0.52,0.33,air
2.78109,0.52,0.33,air
2.77883,0.52,0.33,air
2.78109,0.52,0.33,air
2.78336,0.52,0.33,air
2.78563,0.52,0.33,air
2.79934,0.52,0.32,air
2.78791,0.52,0.32,air
2.78563,0.52,0.32,air
2.78563,0.52,0.32,air
2.78563,0.52,0.32,air
2.78336,0.52,0.32,air
2.79705,0.52,0.32,air
2.78563,0.52,0.32,air
2.79705,0.52,0.32,air
2.79705,0.52,0.32,air
2.80855,0.52,0.32,air
2.78791,0.52,0.32,air
2.78563,0.52,0.32,air
2.79019,0.52,0.32,air
2.79475,0.52,0.32,air
2.79247,0.52,0.32,air
2.80624,0.52,0.32,air
2.78791,0.52,0.32,air
2.80164,0.52,0.32,air
2.79934,0.52,0.32,air
2.79705,0.52,0.32,air
2.80624,0.52,0.32,air
2.80394,0.52,0.32,air
2.82482,0.52,0.32,air
2.80394,0.52,0.32,air
2.80624,0.52,0.32,air
2.80855,0.52,0.32,air
2.80624,0.52,0.32,air
2.80394,0.52,0.32,air
2.79934,0.52,0.32,air
2.80624,0.52,0.32,air
2.81087,0.52,0.32,air
2.80164,0.52,0.32,air
2.80164,0.52,0.32,air
2.79475,0.52,0.32,air
2.80394,0.52,0.32,air
2.80624,0.52,0.32,air
2.80624,0.52,0.32,air
2.80164,0.52,0.32,air
2.79705,0.52,0.32,air
2.80164,0.52,0.32,air
2.81087,0.52,0.32,air
2.80855,0.52,0.32,air
2.79475,0.52,0.32,air
2.8155,0.52,0.32,air
2.80394,0.52,0.32,air
2.79705,0.52,0.32,air
2.80624,0.52,0.32,air
2.79475,0.52,0.32,air
2.80624,0.52,0.32,air
2.81318,0.52,0.33,air
2.80164,0.52,0.33,air
2.79705,0.52,0.33,air
2.79475,0.52,0.33,air
2.78791,0.52,0.33,air
2.79475,0.52,0.33,air
2.80394,0.52,0.33,air
2.80855,0.52,0.32,air
2.80855,0.52,0.32,air
2.80855,0.52,0.32,air
2.80855,0.52,0.32,air
2.79934,0.52,0.32,air
2.80855,0.52,0.32,air
2.82015,0.52,0.32,air
2.81783,0.52,0.32,air
2.82249,0.52,0.32,air
2.81087,0.52,0.32,air
2.81783,0.52,0.32,air
2.82249,0.52,0.32,air
2.81087,0.52,0.32,air
2.80624,0.52,0.32,air
2.80164,0.52,0.32,air
2.80394,0.52,0.32,air
2.81087,0.52,0.32,air
2.8155,0.52,0.32,air
2.80855,0.52,0.32,air
2.80164,0.52,0.32,air
2.80624,0.52,0.32,air
2.80624,0.52,0.32,air
2.80394,0.52,0.32,air
2.81783,0.52,0.33,air
2.82249,0.52,0.32,air
2.8155,0.52,0.32,air
2.80164,0.52,0.32,air
2.81087,0.52,0.32,air
2.80164,0.52,0.32,air
2.82951,0.52,0.32,air
2.81318,0.52,0.32,air
2.80394,0.52,0.32,air
2.80624,0.52,0.32,air
2.81318,0.52,0.32,air
2.80624,0.52,0.32,air
2.81087,0.52,0.32,air
2.81318,0.52,0.32,air
2.80624,0.52,0.32,air
2.80624,0.52,0.32,air
2.81318,0.52,0.32,air
2.80164,0.52,0.32,air
2.80624,0.52,0.32,air
2.8155,0.52,0.32,air
2.81318,0.52,0.32,air
2.80394,0.52,0.32,air
2.81318,0.52,0.32,air
2.80624,0.52,0.32,air
2.82249,0.52,0.32,air
2.8155,0.52,0.32,air
2.8155,0.52,0.32,air
2.82015,0.52,0.32,air
2.80624,0.52,0.32,air
2.82249,0.52,0.32,air
2.8155,0.52,0.32,air
2.83892,0.52,0.32,air
2.8155,0.52,0.32,air
2.81087,0.52,0.32,air
2.82015,0.52,0.32,air
2.81783,0.52,0.32,air
2.82015,0.52,0.32,air
2.82249,0.52,0.32,air
2.8155,0.52,0.32,air
2.81318,0.52,0.32,air
2.8155,0.52,0.32,air
2.80394,0.52,0.32,air
2.81318,0.52,0.32,air
2.81087,0.52,0.32,air
2.81087,0.52,0.32,air
2.80394,0.52,0.32,air
2.8155,0.52,0.32,air
2.8155,0.52,0.32,air
2.80855,0.52,0.32,air
2.8155,0.52,0.32,air
2.8155,0.52,0.32,air
2.82249,0.52,0.32,air
2.81318,0.52,0.32,air
2.8155,0.52,0.32,air
2.80855,0.52,0.32,air
2.82015,0.52,0.32,air
2.82951,0.52,0.32,air
2.82015,0.52,0.32,air
2.81087,0.52,0.32,air
2.82716,0.52,0.32,air
2.82249,0.52,0.32,air
2.81318,0.52,0.32,air
2.82482,0.52,0.32,air
2.82015,0.52,0.32,air
2.8155,0.52,0.32,air
2.81318,0.52,0.32,air
2.82015,0.52,0.32,air
2.81783,0.52,0.32,air
2.82249,0.52,0.32,air
2.82482,0.52,0.32,air
2.82249,0.52,0.32,air
2.8155,0.52,0.32,air
2.82015,0.52,0.32,air
2.82951,0.52,0.32,air
2.82482,0.52,0.32,air
2.82249,0.52,0.32,air
2.81783,0.52,0.32,air
2.82482,0.52,0.32,air
2.83892,0.52,0.32,air
2.8155,0.52,0.32,air
2.82015,0.52,0.32,air
2.82015,0.52,0.32,air
2.84128,0.52,0.32,air
2.82716,0.52,0.32,air
2.82015,0.52,0.32,air
2.82482,0.52,0.32,air
2.82951,0.52,0.32,air
2.81087,0.52,0.32,air
2.82951,0.52,0.32,air
2.8155,0.52,0.32,air
2.82249,0.52,0.32,air
2.82015,0.52,0.32,air
2.82482,0.52,0.32,air
2.82015,0.52,0.32,air
2.81783,0.52,0.32,air
2.82249,0.52,0.32,air
2.80624,0.52,0.32,air
2.82015,0.52,0.32,air
2.82482,0.52,0.32,air
2.84128,0.52,0.32,air
2.82482,0.52,0.32,air
2.82716,0.52,0.32,air
2.82249,0.52,0.32,air
2.8484,0.52,0.32,air
2.82015,0.52,0.32,air
2.82482,0.52,0.32,air
2.82249,0.52,0.32,air
2.81783,0.52,0.32,air
2.82951,0.52,0.32,air
2.81318,0.52,0.32,air
2.82249,0.52,0.32,air
2.82015,0.52,0.32,air
2.80855,0.52,0.32,air
2.81318,0.52,0.32,air
2.82015,0.52,0.32,air
2.82482,0.52,0.32,air
2.83656,0.52,0.32,air
2.82249,0.52,0.32,air
2.82716,0.52,0.32,air
2.82716,0.52,0.32,air
2.82482,0.52,0.32,air
2.82249,0.52,0.32,air
2.82015,0.52,0.32,air
2.82249,0.52,0.32,air
2.83892,0.52,0.32,air
2.8155,0.52,0.32,air
2.82482,0.52,0.32,air
2.83892,0.52,0.32,air
2.82015,0.52,0.32,air
2.82482,0.52,0.32,air
2.82249,0.52,0.32,air
2.81783,0.52,0.32,air
2.8155,0.52,0.32,air
2.80624,0.52,0.32,air
2.82249,0.52,0.32,air
2.82249,0.52,0.32,air
2.82482,0.52,0.32,air
2.81783,0.52,0.32,air
2.82951,0.52,0.32,air
2.82482,0.52,0.32,air
2.82015,0.52,0.32,air
2.82015,0.52,0.32,air
2.82249,0.52,0.32,air
2.82249,0.52,0.32,air
2.82015,0.52,0.32,air
2.82482,0.52,0.32,air
2.8342,0.52,0.32,air
2.82716,0.52,0.32,air
2.82015,0.52,0.32,air
2.8155,0.52,0.32,air
2.82482,0.52,0.32,air
2.82249,0.52,0.32,air
2.82482,0.52,0.32,air
2.82015,0.52,0.32,air
2.81783,0.52,0.32,air
2.82716,0.52,0.32,air
2.82482,0.52,0.32,air
2.82482,0.52,0.32,air
2.82015,0.52,0.32,air
2.8155,0.52,0.32,air
2.8155,0.52,0.32,air
2.82015,0.52,0.32,air
2.8155,0.52,0.32,air
2.83185,0.52,0.32,air
2.82716,0.52,0.32,air
2.83892,0.52,0.32,air
2.8155,0.52,0.32,air
2.82015,0.52,0.32,air
2.83656,0.52,0.32,air
2.82951,0.52,0.32,air
2.82249,0.52,0.32,air
2.84602,0.52,0.32,air
2.82951,0.52,0.32,air
2.81783,0.52,0.32,air
2.81783,0.52,0.32,air
2.84365,0.52,0.32,air
2.81783,0.52,0.32,air
2.82249,0.52,0.32,air
2.82716,0.52,0.32,air
2.82015,0.52,0.32,air
2.82951,0.52,0.32,air
2.8155,0.52,0.32,air
2.82951,0.52,0.32,air
2.82249,0.52,0.32,air
2.83185,0.52,0.32,air
2.83892,0.52,0.32,air
2.82482,0.52,0.32,air
2.82716,0.52,0.32,air
2.82482,0.52,0.32,air
2.82716,0.52,0.32,air
2.82249,0.52,0.32,air
2.81783,0.52,0.32,air
2.82015,0.52,0.32,air
2.82482,0.52,0.32,air
2.8155,0.52,0.32,air
2.83185,0.52,0.32,air
2.82015,0.52,0.32,air
2.83185,0.52,0.32,air
2.82249,0.52,0.32,air
2.81087,0.52,0.32,air
2.80624,0.52,0.32,air
2.82249,0.52,0.32,air
2.81087,0.52,0.32,air
2.81783,0.52,0.32,air
2.81783,0.52,0.32,air
2.81783,0.52,0.32,air
2.84365,0.52,0.32,air
2.82015,0.52,0.32,air
2.82249,0.52,0.32,air
2.82482,0.52,0.32,air
2.83185,0.52,0.32,air
2.8342,0.52,0.32,air
2.82249,0.52,0.32,air
2.83892,0.52,0.32,air
2.80855,0.52,0.32,air
2.84365,0.52,0.32,air
2.81783,0.52,0.32,air
2.82015,0.52,0.32,air
2.8155,0.52,0.32,air
2.82716,0.52,0.32,air
2.81318,0.52,0.32,air
2.81087,0.52,0.32,air
2.8155,0.52,0.32,air
2.8155,0.52,0.32,air
2.81783,0.52,0.32,air
2.81783,0.52,0.32,air
2.81783,0.52,0.32,air
2.82249,0.52,0.32,air
2.81318,0.52,0.32,air
2.81783,0.52,0.32,air
2.80394,0.52,0.32,air
2.82716,0.52,0.32,air
2.82249,0.52,0.32,air
2.81087,0.52,0.32,air
2.80855,0.52,0.32,air
2.80855,0.52,0.32,air
2.82015,0.52,0.32,air
2.82482,0.52,0.32,air
2.81783,0.52,0.32,air
2.80855,0.52,0.32,air
2.81783,0.52,0.32,air
2.81087,0.52,0.32,air
2.82482,0.52,0.32,air
2.82015,0.52,0.32,air
2.81783,0.52,0.32,air
2.83656,0.52,0.32,air
2.82015,0.52,0.32,air
2.82249,0.52,0.32,air
2.82249,0.52,0.32,air
2.82015,0.52,0.32,air
2.82015,0.52,0.32,air
2.82951,0.52,0.32,air
2.8155,0.52,0.32,air
2.8342,0.52,0.32,air
2.81783,0.52,0.32,air
2.82249,0.52,0.32,air
2.82015,0.52,0.32,air
2.8155,0.52,0.32,air
2.82015,0.52,0.32,air
2.82482,0.52,0.32,air
2.82482,0.52,0.32,air
2.82249,0.52,0.32,air
2.82716,0.52,0.32,air
2.82482,0.52,0.32,air
2.81783,0.52,0.32,air
2.82249,0.52,0.32,air
2.8484,0.52,0.32,air
2.82951,0.52,0.32,air
2.82482,0.52,0.32,air
2.8155,0.52,0.32,air
2.8342,0.52,0.32,air
2.8342,0.52,0.32,air
2.82951,0.52,0.32,air
2.85316,0.52,0.32,air
2.82249,0.52,0.32,air
2.82716,0.52,0.32,air
2.82482,0.52,0.32,air
2.82716,0.52,0.32,air
2.82015,0.52,0.32,air
2.82951,0.52,0.32,air
2.82951,0.52,0.32,air
2.82716,0.52,0.32,air
2.81783,0.52,0.32,air
2.82716,0.52,0.32,air
2.83185,0.52,0.32,air
2.82716,0.52,0.32,air
2.82716,0.52,0.32,air
2.82482,0.52,0.32,air
2.82716,0.52,0.32,air
2.82249,0.52,0.32,air
2.82015,0.52,0.32,air
2.84128,0.52,0.32,air
2.82249,0.52,0.32,air
2.82951,0.52,0.32,air
2.82716,0.52,0.32,air
2.82015,0.52,0.32,air
2.82015,0.52,0.32,air
2.82482,0.52,0.32,air
2.82482,0.52,0.32,air
2.82249,0.52,0.32,air
2.82249,0.52,0.32,air
2.84365,0.52,0.32,air
2.83185,0.52,0.32,air
2.82482,0.52,0.32,air
2.82249,0.52,0.32,air
2.83185,0.52,0.32,air
2.82716,0.52,0.32,air
2.82951,0.52,0.32,air
2.82951,0.52,0.32,air
2.82249,0.52,0.32,air
2.82482,0.52,0.32,air
2.82015,0.52,0.32,air
2.82015,0.52,0.32,air
2.82951,0.52,0.32,air
2.81783,0.52,0.32,air
2.83892,0.52,0.32,air
2.82482,0.52,0.32,air
2.82716,0.52,0.32,air
2.82249,0.52,0.32,air
2.82482,0.52,0.32,air
2.81783,0.52,0.32,air
2.82249,0.52,0.32,air
2.8155,0.52,0.32,air
2.82951,0.52,0.32,air
2.83185,0.52,0.32,air
2.82951,0.52,0.32,air
2.82249,0.52,0.32,air
2.82716,0.52,0.32,air
2.82951,0.52,0.32,air
2.82015,0.52,0.32,air
2.82249,0.52,0.32,air
2.82482,0.52,0.32,air
2.82951,0.52,0.32,air
2.82716,0.52,0.32,air
2.8342,0.52,0.32,air
2.82951,0.52,0.32,air
2.83185,0.52,0.32,air
2.83656,0.52,0.32,air
2.82249,0.52,0.32,air
2.82249,0.52,0.32,air
2.85316,0.52,0.32,air
2.8155,0.52,0.32,air
2.82716,0.52,0.32,air
2.82015,0.52,0.32,air
2.82015,0.52,0.32,air
2.83185,0.52,0.32,air
2.82951,0.52,0.32,air
2.8342,0.52,0.32,air
2.83185,0.52,0.32,air
2.82482,0.52,0.32,air
2.82951,0.52,0.32,air
2.82716,0.52,0.32,air
2.82951,0.52,0.32,air
2.82951,0.52,0.32,air
2.8342,0.52,0.32,air
2.82482,0.52,0.32,air
2.82482,0.52,0.32,air
2.85077,0.52,0.32,air
2.81783,0.52,0.32,air
2.81783,0.52,0.32,air
2.82716,0.52,0.32,air
2.82015,0.52,0.32,air
2.82015,0.52,0.32,air
2.82249,0.52,0.32,air
2.83185,0.52,0.32,air
2.82015,0.52,0.32,air
2.82015,0.52,0.32,air
2.82249,0.52,0.32,air
2.82716,0.52,0.32,air
2.81783,0.52,0.32,air
2.82716,0.52,0.32,air
2.8342,0.52,0.32,air
2.84365,0.52,0.32,air
2.82249,0.52,0.32,air
2.82482,0.52,0.32,air
2.82482,0.52,0.32,air
2.82951,0.52,0.32,air
2.8155,0.52,0.32,air
2.81318,0.52,0.32,air
2.8155,0.52,0.32,air
2.82249,0.52,0.32,air
2.82482,0.52,0.32,air
2.84365,0.52,0.32,air
2.81783,0.52,0.32,air
2.82482,0.52,0.32,air
2.81783,0.52,0.32,air
2.83185,0.52,0.32,air
2.8484,0.52,0.32,air
2.82482,0.52,0.32,air
2.82249,0.52,0.32,air
2.82716,0.52,0.32,air
2.84128,0.52,0.32,air
2.82482,0.52,0.32,air
2.8342,0.52,0.32,air
2.82482,0.52,0.32,air
2.82482,0.52,0.32,air
2.82482,0.52,0.32,air
2.82951,0.52,0.32,air
2.82951,0.52,0.32,air
2.83185,0.52,0.32,air
2.82482,0.52,0.32,air
2.82015,0.52,0.32,air
2.82716,0.52,0.32,air
2.81783,0.52,0.32,air
2.82015,0.52,0.32,air
2.82951,0.52,0.32,air
2.82015,0.52,0.32,air
2.82716,0.52,0.32,air
2.82482,0.52,0.32,air
2.82249,0.52,0.32,air
2.82482,0.52,0.32,air
2.72775,0.52,0.33,air
2.72993,0.52,0.33,air
2.7431,0.52,0.33,air
2.73212,0.52,0.33,air
2.74089,0.52,0.33,air
2.73212,0.52,0.33,air
2.73431,0.52,0.33,air
2.7431,0.52,0.33,air
2.7453,0.52,0.33,air
2.7453,0.52,0.33,air
2.74751,0.52,0.33,air
2.75194,0.52,0.33,air
2.7387,0.52,0.33,air
2.73431,0.52,0.33,air
2.75639,0.52,0.33,air
2.74089,0.52,0.33,air
2.7365,0.52,0.33,air
2.76085,0.52,0.33,air
2.76532,0.52,0.33,air
2.7453,0.52,0.33,air
2.7431,0.52,0.33,air
2.76085,0.52,0.33,air
2.75639,0.52,0.33,air
2.74973,0.52,0.33,air
2.75416,0.52,0.33,air
2.76085,0.52,0.33,air
2.76085,0.52,0.33,air
2.77206,0.52,0.33,air
2.76308,0.52,0.33,air
2.77883,0.52,0.33,air
2.76308,0.52,0.33,air
2.76532,0.52,0.33,air
2.77657,0.52,0.33,air
2.76981,0.52,0.33,air
2.76532,0.52,0.33,air
2.77883,0.52,0.33,air
2.77657,0.52,0.33,air
2.77431,0.52,0.33,air
2.76981,0.52,0.33,air
2.78791,0.52,0.33,air
2.76085,0.52,0.33,air
2.77883,0.52,0.33,air
2.79019,0.52,0.33,air
2.77883,0.52,0.33,air
2.79019,0.52,0.33,air
2.77206,0.52,0.33,air
2.79247,0.52,0.33,air
2.79247,0.52,0.33,air
2.78791,0.52,0.33,air
2.78563,0.52,0.33,air
2.78336,0.52,0.33,air
2.77883,0.52,0.33,air
2.77206,0.52,0.33,air
2.79019,0.52,0.33,air
2.79019,0.52,0.33,air
2.78109,0.52,0.33,air
2.78336,0.52,0.33,air
2.77431,0.52,0.33,air
2.79475,0.52,0.33,air
2.78791,0.52,0.33,air
2.80164,0.52,0.33,air
2.77883,0.52,0.33,air
2.79475,0.52,0.33,air
2.80164,0.52,0.33,air
2.78791,0.52,0.33,air
2.80855,0.52,0.33,air
2.80164,0.52,0.33,air
2.80624,0.52,0.33,air
2.78791,0.52,0.33,air
2.78791,0.52,0.33,air
2.80164,0.52,0.33,air
2.80624,0.52,0.33,air
2.79475,0.52,0.33,air
2.79934,0.52,0.33,air
2.79019,0.52,0.33,air
2.8155,0.52,0.33,air
2.80164,0.52,0.33,air
2.79475,0.52,0.33,air
2.81087,0.52,0.33,air
2.80164,0.52,0.33,air
2.79247,0.52,0.33,air
2.79934,0.52,0.33,air
2.80624,0.52,0.33,air
2.81087,0.52,0.33,air
2.79705,0.52,0.33,air
2.81318,0.52,0.33,air
2.81318,0.52,0.33,air
2.79247,0.52,0.33,air
2.79934,0.52,0.33,air
2.80624,0.52,0.33,air
2.81318,0.52,0.33,air
2.81087,0.52,0.33,air
2.81318,0.52,0.33,air
2.79705,0.52,0.33,air
2.80855,0.52,0.33,air
2.81087,0.52,0.33,air
2.80164,0.52,0.33,air
2.82015,0.52,0.33,air
2.79934,0.52,0.33,air
2.80164,0.52,0.33,air
2.82015,0.52,0.33,air
2.81087,0.52,0.33,air
2.81087,0.52,0.33,air
2.80624,0.52,0.33,air
2.80164,0.52,0.33,air
2.80624,0.52,0.33,air
2.80624,0.52,0.33,air
2.81087,0.52,0.33,air
2.82015,0.52,0.33,air
2.82249,0.52,0.33,air
2.79934,0.52,0.33,air
2.80855,0.52,0.33,air
2.8155,0.52,0.33,air
2.82249,0.52,0.33,air
2.79934,0.52,0.33,air
2.79934,0.52,0.33,air
2.82482,0.52,0.33,air
2.80394,0.52,0.33,air
2.81783,0.52,0.33,air
2.82015,0.52,0.33,air
2.82249,0.52,0.33,air
2.81087,0.52,0.33,air
2.8155,0.52,0.33,air
2.79705,0.52,0.33,air
2.82482,0.52,0.33,air
2.82249,0.52,0.33,air
2.79934,0.52,0.33,air
2.80624,0.52,0.33,air
2.81318,0.52,0.33,air
2.81087,0.52,0.33,air
2.82951,0.52,0.33,air
2.82015,0.52,0.33,air
2.81783,0.52,0.33,air
2.81318,0.52,0.33,air
2.80855,0.52,0.33,air
2.8155,0.52,0.33,air
2.8155,0.52,0.33,air
2.82482,0.52,0.33,air
2.82716,0.52,0.33,air
2.82482,0.52,0.33,air
2.81087,0.52,0.33,air
2.80624,0.52,0.33,air
2.82249,0.52,0.33,air
2.83656,0.52,0.33,air
2.80855,0.52,0.33,air
2.82249,0.52,0.33,air
2.82951,0.52,0.33,air
2.82951,0.52,0.33,air
2.81783,0.52,0.33,air
2.80624,0.52,0.33,air
2.80855,0.52,0.33,air
2.81087,0.52,0.33,air
2.81087,0.52,0.33,air
2.81318,0.52,0.33,air
2.81318,0.52,0.33,air
2.82951,0.52,0.33,air
2.8155,0.52,0.33,air
2.81318,0.52,0.33,air
2.81087,0.52,0.33,air
2.82249,0.52,0.33,air
2.82951,0.52,0.33,air
2.82015,0.52,0.33,air
2.82951,0.52,0.33,air
2.81783,0.52,0.33,air
2.8155,0.52,0.33,air
2.8155,0.52,0.33,air
2.82249,0.52,0.33,air
2.8155,0.52,0.33,air
2.8155,0.52,0.33,air
2.81087,0.52,0.33,air
2.8155,0.52,0.33,air
2.81783,0.52,0.33,air
2.82015,0.52,0.33,air
2.81783,0.52,0.33,air
2.8342,0.52,0.33,air
2.82249,0.52,0.33,air
2.8155,0.52,0.33,air
2.82015,0.52,0.33,air
2.8342,0.52,0.33,air
2.8342,0.52,0.33,air
2.8155,0.52,0.33,air
2.82716,0.52,0.33,air
2.81783,0.52,0.33,air
2.81318,0.52,0.33,air
2.82015,0.52,0.33,air
2.84128,0.52,0.33,air
2.84128,0.52,0.33,air
2.81783,0.52,0.33,air
2.82249,0.52,0.33,air
2.82249,0.52,0.33,air
2.82482,0.52,0.33,air
2.81087,0.52,0.33,air
2.82015,0.52,0.33,air
2.82951,0.52,0.33,air
2.83185,0.52,0.33,air
2.82249,0.52,0.33,air
2.81318,0.52,0.33,air
2.83656,0.52,0.33,air
2.82015,0.52,0.33,air
2.82951,0.52,0.33,air
2.82015,0.52,0.33,air
2.82951,0.52,0.33,air
2.82482,0.52,0.33,air
2.84128,0.52,0.33,air
2.83656,0.52,0.33,air
2.8342,0.52,0.33,air
2.84128,0.52,0.33,air
2.83892,0.52,0.33,air
2.81318,0.52,0.33,air
2.82482,0.52,0.33,air
2.82015,0.52,0.33,air
2.83185,0.52,0.33,air
2.8484,0.52,0.33,air
2.82951,0.52,0.33,air
2.8484,0.52,0.33,air
2.82482,0.52,0.33,air
2.8342,0.52,0.33,air
2.84128,0.52,0.33,air
2.8155,0.52,0.33,air
2.83656,0.52,0.33,air
2.8155,0.52,0.33,air
2.82951,0.52,0.33,air
2.83185,0.52,0.33,air
2.82249,0.52,0.33,air
2.83892,0.52,0.33,air
2.84602,0.52,0.33,air
2.83185,0.52,0.33,air
2.81318,0.52,0.33,air
2.82951,0.52,0.33,air
2.8155,0.52,0.33,air
2.82015,0.52,0.33,air
2.8342,0.52,0.33,air
2.82249,0.52,0.33,air
2.84602,0.52,0.33,air
2.83185,0.52,0.33,air
2.81783,0.52,0.33,air
2.83656,0.52,0.33,air
2.81783,0.52,0.33,air
2.84602,0.52,0.33,air
2.8342,0.52,0.33,air
2.8342,0.52,0.33,air
2.85794,0.52,0.33,air
2.83656,0.52,0.33,air
2.83185,0.52,0.33,air
2.8484,0.52,0.33,air
2.83892,0.52,0.33,air
2.8342,0.52,0.33,air
2.8484,0.52,0.33,air
2.83892,0.52,0.33,air
2.83185,0.52,0.33,air
2.8484,0.52,0.33,air
2.84602,0.52,0.33,air
2.81783,0.52,0.33,air
2.8342,0.52,0.33,air
2.84365,0.52,0.33,air
2.82249,0.52,0.33,air
2.83892,0.52,0.33,air
2.85794,0.52,0.33,air
2.8342,0.52,0.33,air
2.83185,0.52,0.33,air
2.83656,0.52,0.33,air
2.8342,0.52,0.33,air
2.82482,0.52,0.33,air
2.8484,0.52,0.33,air
2.82951,0.52,0.33,air
2.82951,0.52,0.33,air
2.82482,0.52,0.33,air
2.82015,0.52,0.33,air
2.83185,0.52,0.33,air
2.82482,0.52,0.33,air
2.8342,0.52,0.33,air
2.83656,0.52,0.33,air
2.83185,0.52,0.33,air
2.82482,0.52,0.33,air
2.82015,0.52,0.33,air
2.82482,0.52,0.33,air
2.82716,0.52,0.33,air
2.82015,0.52,0.33,air
2.83185,0.52,0.33,air
2.82716,0.52,0.33,air
2.84602,0.52,0.33,air
2.84128,0.52,0.33,air
2.84128,0.52,0.33,air
2.83656,0.52,0.33,air
2.82015,0.52,0.33,air
2.83656,0.52,0.33,air
2.8342,0.52,0.33,air
2.82482,0.52,0.33,air
2.83892,0.52,0.33,air
2.8342,0.52,0.33,air
2.83656,0.52,0.33,air
2.84602,0.52,0.33,air
2.84128,0.52,0.33,air
2.82482,0.52,0.33,air
2.8342,0.52,0.33,air
2.8484,0.52,0.33,air
2.85077,0.52,0.33,air
2.82482,0.52,0.33,air
2.84128,0.52,0.33,air
2.83656,0.52,0.33,air
2.85077,0.52,0.33,air
2.83892,0.52,0.33,air
2.82015,0.52,0.33,air
2.8342,0.52,0.33,air
2.85316,0.52,0.33,air
2.84128,0.52,0.33,air
2.82015,0.52,0.33,air
2.82951,0.52,0.33,air
2.83185,0.52,0.33,air
2.82482,0.52,0.33,air
2.82951,0.52,0.33,air
2.83185,0.52,0.33,air
2.82482,0.52,0.33,air
2.84365,0.52,0.33,air
2.82951,0.52,0.33,air
2.82482,0.52,0.33,air
2.8342,0.52,0.33,air
2.84602,0.52,0.33,air
2.83656,0.52,0.33,air
2.82716,0.52,0.33,air
2.84365,0.52,0.33,air
2.82015,0.52,0.33,air
2.84365,0.52,0.33,air
2.84602,0.52,0.33,air
2.8155,0.52,0.33,air
2.82249,0.52,0.33,air
2.82951,0.52,0.33,air
2.83185,0.52,0.33,air
2.84128,0.52,0.33,air
2.83185,0.52,0.33,air
2.84365,0.52,0.33,air
2.82951,0.52,0.33,air
2.82482,0.52,0.33,air
2.82015,0.52,0.33,air
2.82249,0.52,0.33,air
2.82015,0.52,0.33,air
2.8342,0.52,0.33,air
2.82951,0.52,0.33,air
2.82951,0.52,0.33,air
2.8342,0.52,0.33,air
2.81783,0.52,0.33,air
2.82249,0.52,0.33,air
2.84365,0.52,0.33,air
2.82716,0.52,0.33,air
2.85316,0.52,0.33,air
2.81783,0.52,0.33,air
2.85077,0.52,0.33,air
2.84365,0.52,0.33,air
2.84365,0.52,0.33,air
2.8342,0.52,0.33,air
2.83892,0.52,0.33,air
2.83656,0.52,0.33,air
2.82716,0.52,0.33,air
2.83185,0.52,0.33,air
2.82249,0.52,0.33,air
2.82716,0.52,0.33,air
2.83185,0.52,0.33,air
2.84128,0.52,0.33,air
2.82015,0.52,0.33,air
2.82951,0.52,0.33,air
2.83185,0.52,0.33,air
2.82951,0.52,0.33,air
2.85077,0.52,0.33,air
2.83656,0.52,0.33,air
2.85316,0.52,0.33,air
2.84365,0.52,0.33,air
2.85316,0.52,0.33,air
2.84128,0.52,0.33,air
2.82951,0.52,0.33,air
2.8484,0.52,0.33,air
2.84128,0.52,0.33,air
2.83185,0.52,0.33,air
2.85077,0.52,0.33,air
2.82716,0.52,0.33,air
2.8484,0.52,0.33,air
2.8342,0.52,0.33,air
2.85077,0.52,0.33,air
0.05684,0.52,0.32,methanol
0.05684,0.52,0.31,methanol
0.05684,0.52,0.31,methanol
0.05684,0.52,0.31,methanol
0.05684,0.52,0.31,methanol
0.05684,0.52,0.31,methanol
0.05684,0.52,0.31,methanol
0.05684,0.52,0.31,methanol
0.05684,0.52,0.31,methanol
0.05684,0.52,0.31,methanol
0.05684,0.52,0.31,methanol
0.05684,0.52,0.3,methanol
0.05684,0.52,0.3,methanol
0.05684,0.52,0.3,methanol
0.05684,0.52,0.3,methanol
0.05684,0.52,0.3,methanol
0.05684,0.52,0.3,methanol
0.05684,0.52,0.3,methanol
0.05684,0.52,0.3,methanol
0.05684,0.52,0.3,methanol
0.05684,0.52,0.3,methanol
0.05684,0.52,0.3,methanol
0.05684,0.52,0.3,methanol
0.05684,0.52,0.29,methanol
0.05684,0.52,0.29,methanol
0.05684,0.52,0.29,methanol
0.05684,0.52,0.29,methanol
0.05684,0.52,0.29,methanol
0.05684,0.52,0.29,methanol
0.05684,0.52,0.29,methanol
0.05684,0.52,0.29,methanol
0.05684,0.52,0.29,methanol
0.05684,0.52,0.29,methanol
0.05684,0.52,0.29,methanol
0.05684,0.52,0.29,methanol
0.05684,0.52,0.29,methanol
0.05684,0.52,0.29,methanol
0.05684,0.52,0.29,methanol
0.05684,0.52,0.29,methanol
0.05684,0.52,0.29,methanol
0.05684,0.52,0.28,methanol
0.05684,0.52,0.28,methanol
0.05684,0.52,0.28,methanol
0.05684,0.52,0.28,methanol
0.05684,0.52,0.28,methanol
0.05684,0.52,0.28,methanol
0.05684,0.52,0.28,methanol
0.05684,0.52,0.28,methanol
0.05684,0.52,0.28,methanol
0.05684,0.52,0.28,methanol
0.05684,0.52,0.28,methanol
0.05684,0.52,0.28,methanol
0.05684,0.52,0.28,methanol
0.05684,0.52,0.28,methanol
0.05684,0.52,0.28,methanol
0.05684,0.52,0.28,methanol
0.05684,0.52,0.28,methanol
0.05684,0.52,0.28,methanol
0.05684,0.52,0.28,methanol
0.05684,0.52,0.28,methanol
0.05684,0.52,0.28,methanol
0.05684,0.52,0.28,methanol
0.05684,0.52,0.28,methanol
0.05684,0.52,0.28,methanol
0.05684,0.52,0.28,methanol
0.05684,0.52,0.28,methanol
0.05684,0.52,0.28,methanol
0.05684,0.52,0.28,methanol
0.05684,0.52,0.28,methanol
0.05684,0.52,0.28,methanol
0.05684,0.52,0.28,methanol
0.05684,0.52,0.28,methanol
0.05684,0.52,0.29,methanol
0.05684,0.52,0.29,methanol
0.05684,0.52,0.29,methanol
0.05684,0.52,0.29,methanol
0.05684,0.52,0.29,methanol
0.05684,0.52,0.29,methanol
0.05684,0.52,0.29,methanol
0.05684,0.52,0.29,methanol
0.05684,0.52,0.29,methanol
0.05684,0.52,0.29,methanol
0.05684,0.52,0.29,methanol
0.05684,0.52,0.29,methanol
0.05684,0.52,0.29,methanol
0.05684,0.52,0.29,methanol
0.05684,0.52,0.29,methanol
0.05684,0.52,0.29,methanol
0.05684,0.52,0.29,methanol
0.05684,0.52,0.29,methanol
0.05684,0.52,0.29,methanol
0.05684,0.52,0.29,methanol
0.05684,0.52,0.3,methanol
0.05684,0.52,0.3,methanol
0.05684,0.52,0.3,methanol
0.05684,0.52,0.3,methanol
0.05684,0.52,0.3,methanol
0.05684,0.52,0.3,methanol
0.05684,0.52,0.3,methanol
0.05684,0.52,0.3,methanol
0.05684,0.52,0.3,methanol
0.05684,0.52,0.3,methanol
0.05684,0.52,0.3,methanol
0.05684,0.52,0.3,methanol
0.05684,0.52,0.3,methanol
0.05684,0.52,0.31,methanol
0.05684,0.52,0.31,methanol
0.05684,0.52,0.31,methanol
0.05684,0.52,0.31,methanol
0.05684,0.52,0.31,methanol
0.05684,0.52,0.31,methanol
0.05684,0.52,0.31,methanol
0.05684,0.52,0.31,methanol
0.05684,0.52,0.31,methanol
0.05684,0.52,0.31,methanol
0.05684,0.52,0.31,methanol
0.05684,0.52,0.32,methanol
0.05684,0.52,0.32,methanol
0.05684,0.52,0.32,methanol
0.05684,0.52,0.32,methanol
0.05684,0.52,0.32,methanol
0.05684,0.52,0.32,methanol
0.05684,0.52,0.32,methanol
0.05684,0.52,0.32,methanol
0.05684,0.52,0.32,methanol
0.05684,0.52,0.32,methanol
0.05684,0.52,0.32,methanol
0.05684,0.52,0.33,methanol
0.05684,0.52,0.33,methanol
0.05684,0.52,0.33,methanol
0.05684,0.52,0.33,methanol
0.05684,0.52,0.33,methanol
0.05684,0.52,0.33,methanol
0.05684,0.52,0.33,methanol
0.05684,0.52,0.33,methanol
0.05684,0.52,0.33,methanol
0.05684,0.52,0.34,methanol
0.05684,0.52,0.34,methanol
0.05684,0.52,0.34,methanol
0.05684,0.52,0.34,methanol
0.05684,0.52,0.34,methanol
0.05684,0.52,0.34,methanol
0.05684,0.52,0.34,methanol
0.05684,0.52,0.34,methanol
0.05684,0.52,0.34,methanol
0.05684,0.52,0.34,methanol
0.05684,0.52,0.35,methanol
0.05684,0.52,0.35,methanol
0.05684,0.52,0.35,methanol
0.05684,0.52,0.35,methanol
0.05684,0.52,0.35,methanol
0.05684,0.52,0.35,methanol
0.05684,0.52,0.35,methanol
0.05684,0.52,0.35,methanol
0.05684,0.52,0.35,methanol
0.05684,0.52,0.36,methanol
0.05684,0.52,0.36,methanol
0.05684,0.52,0.36,methanol
0.05684,0.52,0.36,methanol
0.05684,0.52,0.36,methanol
0.05684,0.52,0.36,methanol
0.05684,0.52,0.36,methanol
0.05684,0.52,0.36,methanol
0.05684,0.52,0.36,methanol
0.05684,0.52,0.37,methanol
0.05684,0.52,0.37,methanol
0.05684,0.52,0.37,methanol
0.05684,0.52,0.37,methanol
0.05684,0.52,0.37,methanol
0.05684,0.52,0.37,methanol
0.05684,0.52,0.37,methanol
0.05684,0.52,0.37,methanol
0.05684,0.52,0.37,methanol
0.05684,0.52,0.38,methanol
0.05684,0.52,0.38,methanol
0.05684,0.52,0.38,methanol
0.05684,0.52,0.38,methanol
0.05684,0.52,0.38,methanol
0.05684,0.52,0.38,methanol
0.05684,0.52,0.38,methanol
0.05684,0.52,0.38,methanol
0.05684,0.52,0.38,methanol
0.05684,0.52,0.39,methanol
0.05684,0.52,0.39,methanol
0.05684,0.52,0.39,methanol
0.05684,0.52,0.39,methanol
0.05684,0.52,0.39,methanol
0.05684,0.52,0.39,methanol
0.05684,0.52,0.39,methanol
0.05684,0.52,0.39,methanol
0.05684,0.52,0.39,methanol
0.05684,0.52,0.39,methanol
0.05684,0.52,0.4,methanol
0.05684,0.52,0.4,methanol
0.05684,0.52,0.4,methanol
0.05684,0.52,0.4,methanol
0.05684,0.52,0.4,methanol
0.05684,0.52,0.4,methanol
0.05684,0.52,0.4,methanol
0.05684,0.52,0.4,methanol
0.05684,0.52,0.4,methanol
0.05684,0.52,0.41,methanol
0.05684,0.52,0.41,methanol
0.05684,0.52,0.41,methanol
0.05684,0.52,0.41,methanol
0.05684,0.52,0.41,methanol
0.05684,0.52,0.41,methanol
0.05684,0.52,0.41,methanol
0.05684,0.52,0.41,methanol
0.05684,0.52,0.41,methanol
0.05684,0.52,0.41,methanol
0.05684,0.52,0.41,methanol
0.05684,0.52,0.42,methanol
0.05684,0.52,0.42,methanol
0.05684,0.52,0.42,methanol
0.05684,0.52,0.42,methanol
0.05684,0.52,0.42,methanol
0.05684,0.52,0.42,methanol
0.05684,0.52,0.42,methanol
0.05684,0.52,0.42,methanol
0.05684,0.52,0.42,methanol
0.05684,0.52,0.42,methanol
0.05684,0.52,0.43,methanol
0.05684,0.52,0.43,methanol
0.05684,0.52,0.43,methanol
0.05684,0.52,0.43,methanol
0.05684,0.52,0.43,methanol
0.05684,0.52,0.43,methanol
0.05684,0.52,0.43,methanol
0.05684,0.52,0.43,methanol
0.05684,0.52,0.43,methanol
0.05684,0.52,0.43,methanol
0.05684,0.52,0.43,methanol
0.05684,0.52,0.43,methanol
0.05684,0.52,0.44,methanol
0.05684,0.52,0.44,methanol
0.05684,0.52,0.44,methanol
0.05684,0.52,0.44,methanol
0.05684,0.52,0.44,methanol
0.05684,0.52,0.44,methanol
0.05684,0.52,0.44,methanol
0.05684,0.52,0.44,methanol
0.05684,0.52,0.44,methanol
0.05684,0.52,0.44,methanol
0.05684,0.52,0.44,methanol
0.05684,0.52,0.44,methanol
0.05684,0.52,0.45,methanol
0.05684,0.52,0.45,methanol
0.05684,0.52,0.45,methanol
0.05684,0.52,0.45,methanol
0.05684,0.52,0.45,methanol
0.05684,0.52,0.45,methanol
0.05684,0.52,0.45,methanol
0.05684,0.52,0.45,methanol
0.05684,0.52,0.45,methanol
0.05684,0.52,0.45,methanol
0.05684,0.52,0.45,methanol
0.05684,0.52,0.45,methanol
0.05684,0.52,0.45,methanol
0.05684,0.52,0.45,methanol
0.05684,0.52,0.46,methanol
0.05684,0.52,0.46,methanol
0.05684,0.52,0.46,methanol
0.05684,0.52,0.46,methanol
0.05684,0.52,0.46,methanol
0.05684,0.52,0.46,methanol
0.05684,0.52,0.46,methanol
0.05684,0.52,0.46,methanol
0.05684,0.52,0.46,methanol
0.05684,0.52,0.46,methanol
0.05684,0.52,0.46,methanol
0.05684,0.52,0.46,methanol
0.05684,0.52,0.46,methanol
0.05684,0.52,0.46,methanol
0.05684,0.52,0.46,methanol
0.05684,0.52,0.47,methanol
0.05684,0.52,0.47,methanol
0.05684,0.52,0.47,methanol
0.05684,0.52,0.47,methanol
0.05684,0.52,0.47,methanol
0.05684,0.54,0.47,methanol
0.05684,0.54,0.47,methanol
0.05684,0.54,0.47,methanol
0.05684,0.54,0.47,methanol
0.05684,0.54,0.47,methanol
0.05684,0.54,0.47,methanol
0.05684,0.54,0.47,methanol
0.05684,0.54,0.47,methanol
0.05684,0.54,0.47,methanol
0.05684,0.54,0.47,methanol
0.05684,0.54,0.47,methanol
0.05684,0.54,0.47,methanol
0.05684,0.54,0.47,methanol
0.05684,0.54,0.48,methanol
0.05684,0.54,0.48,methanol
0.05684,0.54,0.48,methanol
0.05684,0.54,0.48,methanol
0.05684,0.54,0.48,methanol
0.05684,0.54,0.48,methanol
0.05684,0.54,0.48,methanol
0.05684,0.54,0.48,methanol
0.05684,0.54,0.48,methanol
0.05684,0.54,0.48,methanol
0.05684,0.54,0.48,methanol
0.05684,0.54,0.48,methanol
0.05684,0.54,0.48,methanol
0.05684,0.54,0.48,methanol
0.05684,0.54,0.48,methanol
0.05684,0.54,0.48,methanol
0.05684,0.54,0.48,methanol
0.05684,0.54,0.48,methanol
0.05684,0.54,0.48,methanol
0.05684,0.54,0.48,methanol
0.05684,0.54,0.49,methanol
0.05684,0.54,0.49,methanol
0.05684,0.54,0.49,methanol
0.05684,0.54,0.49,methanol
0.05684,0.54,0.49,methanol
0.05684,0.54,0.49,methanol
0.05684,0.54,0.49,methanol
0.05684,0.54,0.49,methanol
0.05684,0.54,0.49,methanol
0.05684,0.54,0.49,methanol
0.05684,0.54,0.49,methanol
0.05684,0.54,0.49,methanol
0.05684,0.54,0.49,methanol
0.05684,0.54,0.49,methanol
0.05684,0.54,0.49,methanol
0.05684,0.54,0.49,methanol
0.05684,0.54,0.49,methanol
0.05684,0.54,0.49,methanol
0.05684,0.54,0.49,methanol
0.05684,0.54,0.49,methanol
0.05684,0.54,0.49,methanol
0.05684,0.54,0.49,methanol
0.05684,0.54,0.49,methanol
0.05684,0.54,0.49,methanol
0.05684,0.54,0.49,methanol
0.05684,0.54,0.5,methanol
0.05684,0.54,0.5,methanol
0.05684,0.54,0.5,methanol
0.05684,0.54,0.5,methanol
0.05684,0.54,0.5,methanol
0.05684,0.54,0.5,methanol
0.05684,0.54,0.5,methanol
0.05684,0.54,0.5,methanol
0.05684,0.54,0.5,methanol
0.05684,0.54,0.5,methanol
0.05684,0.54,0.5,methanol
0.05684,0.54,0.5,methanol
0.05684,0.54,0.5,methanol
0.05684,0.54,0.5,methanol
0.05684,0.54,0.5,methanol
0.05684,0.54,0.5,methanol
0.05684,0.54,0.5,methanol
0.05684,0.54,0.5,methanol
0.05684,0.54,0.5,methanol
0.05684,0.54,0.5,methanol
0.05684,0.54,0.5,methanol
0.05684,0.54,0.5,methanol
0.05684,0.54,0.5,methanol
0.05684,0.54,0.5,methanol
0.05684,0.54,0.5,methanol
0.05684,0.54,0.5,methanol
0.05684,0.54,0.5,methanol
0.05684,0.54,0.5,methanol
0.05684,0.54,0.5,methanol
0.05684,0.54,0.5,methanol
0.05684,0.54,0.5,methanol
0.05684,0.54,0.51,methanol
0.05684,0.54,0.51,methanol
0.05684,0.54,0.51,methanol
0.05684,0.54,0.51,methanol
0.05684,0.54,0.51,methanol
0.05684,0.54,0.51,methanol
0.05684,0.54,0.51,methanol
0.05684,0.54,0.51,methanol
0.05684,0.54,0.51,methanol
0.05684,0.54,0.51,methanol
0.05684,0.54,0.51,methanol
0.05684,0.54,0.51,methanol
0.05684,0.54,0.51,methanol
0.05684,0.54,0.51,methanol
0.05684,0.54,0.51,methanol
0.05684,0.54,0.51,methanol
0.05684,0.54,0.51,methanol
0.05684,0.54,0.51,methanol
0.05684,0.54,0.51,methanol
0.05684,0.54,0.51,methanol
0.05684,0.54,0.51,methanol
0.05684,0.54,0.51,methanol
0.05684,0.54,0.51,methanol
0.05684,0.54,0.51,methanol
0.05684,0.54,0.51,methanol
0.05684,0.54,0.51,methanol
0.05684,0.54,0.51,methanol
0.05684,0.54,0.51,methanol
0.05684,0.54,0.51,methanol
0.05684,0.54,0.51,methanol
0.05684,0.54,0.51,methanol
0.05684,0.54,0.51,methanol
0.05684,0.54,0.51,methanol
0.05684,0.54,0.51,methanol
0.05684,0.54,0.51,methanol
0.05684,0.54,0.51,methanol
0.05684,0.54,0.51,methanol
0.05684,0.54,0.51,methanol
0.05684,0.54,0.51,methanol
0.05684,0.54,0.51,methanol
0.05684,0.54,0.51,methanol
0.05684,0.54,0.51,methanol
0.05684,0.54,0.52,methanol
0.05684,0.54,0.52,methanol
0.05684,0.54,0.52,methanol
0.05684,0.54,0.52,methanol
0.05684,0.54,0.52,methanol
0.05684,0.54,0.52,methanol
0.05684,0.54,0.52,methanol
0.05684,0.54,0.52,methanol
0.05684,0.54,0.52,methanol
0.05684,0.54,0.52,methanol
0.05684,0.54,0.52,methanol
0.05684,0.54,0.52,methanol
0.05684,0.54,0.52,methanol
0.05684,0.54,0.52,methanol
0.05684,0.54,0.52,methanol
0.05684,0.54,0.52,methanol
0.05684,0.54,0.52,methanol
0.05684,0.54,0.52,methanol
0.05684,0.54,0.52,methanol
0.05684,0.54,0.52,methanol
0.05684,0.54,0.52,methanol
0.05684,0.54,0.52,methanol
0.05684,0.54,0.52,methanol
0.05684,0.54,0.52,methanol
0.05684,0.54,0.52,methanol
0.05684,0.54,0.52,methanol
0.05684,0.54,0.52,methanol
0.05684,0.54,0.52,methanol
0.05684,0.54,0.52,methanol
0.05684,0.54,0.52,methanol
0.05684,0.54,0.52,methanol
0.05684,0.54,0.52,methanol
0.05684,0.54,0.52,methanol
0.05684,0.54,0.52,methanol
0.05684,0.54,0.52,methanol
0.05684,0.54,0.52,methanol
0.05684,0.54,0.52,methanol
0.05684,0.54,0.52,methanol
0.05684,0.54,0.52,methanol
0.05684,0.54,0.52,methanol
0.05684,0.54,0.52,methanol
0.05684,0.54,0.52,methanol
0.05684,0.54,0.52,methanol
0.05684,0.54,0.52,methanol
0.05684,0.54,0.52,methanol
0.05684,0.54,0.52,methanol
0.05684,0.54,0.52,methanol
0.05684,0.54,0.52,methanol
0.05684,0.54,0.52,methanol
0.05684,0.54,0.52,methanol
0.05684,0.54,0.52,methanol
0.05684,0.54,0.52,methanol
0.05684,0.54,0.52,methanol
0.05684,0.54,0.52,methanol
0.05684,0.54,0.52,methanol
0.05684,0.54,0.52,methanol
0.05684,0.54,0.52,methanol
0.05684,0.54,0.52,methanol
0.05684,0.54,0.52,methanol
0.05684,0.54,0.52,methanol
0.05684,0.54,0.52,methanol
0.05684,0.54,0.52,methanol
0.05684,0.54,0.52,methanol
0.05684,0.54,0.52,methanol
0.05684,0.54,0.52,methanol
0.05684,0.54,0.52,methanol
0.05684,0.54,0.52,methanol
0.05684,0.54,0.53,methanol
0.05684,0.54,0.53,methanol
0.05684,0.54,0.53,methanol
0.05684,0.54,0.52,methanol
0.05684,0.54,0.53,methanol
0.05684,0.54,0.53,methanol
0.05684,0.54,0.53,methanol
0.05684,0.54,0.53,methanol
0.05684,0.54,0.53,methanol
0.05684,0.54,0.53,methanol
0.05684,0.54,0.53,methanol
0.05684,0.54,0.53,methanol
0.05684,0.54,0.53,methanol
0.05684,0.54,0.53,methanol
0.05684,0.54,0.53,methanol
0.05684,0.54,0.53,methanol
0.05684,0.54,0.53,methanol
0.05684,0.54,0.53,methanol
0.05684,0.54,0.53,methanol
0.05684,0.54,0.53,methanol
0.05684,0.54,0.53,methanol
0.05684,0.54,0.53,methanol
0.05684,0.54,0.53,methanol
0.05684,0.54,0.53,methanol
0.05684,0.54,0.53,methanol
0.05684,0.54,0.53,methanol
0.05684,0.54,0.53,methanol
0.05684,0.54,0.53,methanol
0.05684,0.54,0.53,methanol
0.05684,0.54,0.53,methanol
0.05684,0.54,0.53,methanol
0.05684,0.54,0.53,methanol
0.05684,0.54,0.53,methanol
0.05684,0.54,0.53,methanol
0.05684,0.54,0.53,methanol
0.05684,0.54,0.53,methanol
0.05684,0.54,0.53,methanol
0.05684,0.54,0.53,methanol
0.05684,0.54,0.53,methanol
0.05684,0.54,0.53,methanol
0.05684,0.54,0.53,methanol
0.05684,0.54,0.53,methanol
0.05684,0.54,0.53,methanol
0.05684,0.54,0.53,methanol
0.05684,0.54,0.53,methanol
0.05684,0.54,0.53,methanol
0.05684,0.54,0.53,methanol
0.05684,0.54,0.53,methanol
0.05684,0.54,0.53,methanol
0.05684,0.54,0.53,methanol
0.05684,0.54,0.53,methanol
0.05684,0.54,0.53,methanol
0.05684,0.54,0.53,methanol
0.05684,0.54,0.53,methanol
0.05684,0.54,0.53,methanol
0.05684,0.54,0.53,methanol
0.05684,0.54,0.53,methanol
0.05684,0.54,0.53,methanol
0.05684,0.54,0.53,methanol
0.05684,0.54,0.53,methanol
0.05684,0.54,0.53,methanol
0.05684,0.54,0.53,methanol
0.05684,0.54,0.53,methanol
0.05684,0.54,0.53,methanol
0.05684,0.54,0.53,methanol
0.05684,0.54,0.53,methanol
0.05684,0.54,0.53,methanol
0.05684,0.54,0.53,methanol
0.05684,0.54,0.53,methanol
0.05684,0.54,0.53,methanol
0.05684,0.54,0.53,methanol
0.05684,0.54,0.53,methanol
0.05684,0.54,0.53,methanol
0.05684,0.54,0.53,methanol
0.05684,0.54,0.53,methanol
0.05684,0.54,0.53,methanol
0.05684,0.54,0.53,methanol
0.05684,0.54,0.53,methanol
0.05684,0.54,0.53,methanol
0.05684,0.54,0.53,methanol
0.05684,0.54,0.53,methanol
0.05684,0.54,0.53,methanol
0.05684,0.54,0.53,methanol
0.05684,0.54,0.53,methanol
0.05684,0.54,0.53,methanol
0.05684,0.54,0.53,methanol
0.05684,0.54,0.53,methanol
0.05684,0.54,0.53,methanol
0.05684,0.54,0.53,methanol
0.05684,0.54,0.53,methanol
0.05684,0.54,0.53,methanol
0.05684,0.54,0.53,methanol
0.05684,0.54,0.53,methanol
0.05684,0.54,0.53,methanol
0.05684,0.54,0.53,methanol
0.05684,0.54,0.53,methanol
0.05684,0.54,0.53,methanol
0.05684,0.54,0.53,methanol
0.05684,0.54,0.53,methanol
0.05684,0.54,0.53,methanol
0.05684,0.54,0.53,methanol
0.05684,0.54,0.53,methanol
0.05684,0.54,0.53,methanol
0.05684,0.54,0.53,methanol
0.05684,0.54,0.53,methanol
0.05684,0.54,0.53,methanol
0.05684,0.54,0.53,methanol
0.05684,0.54,0.53,methanol
0.05684,0.54,0.53,methanol
0.05684,0.54,0.53,methanol
0.05684,0.54,0.53,methanol
0.05684,0.54,0.53,methanol
0.05684,0.54,0.53,methanol
0.05684,0.54,0.53,methanol
0.05684,0.54,0.53,methanol
0.05684,0.54,0.53,methanol
0.05684,0.54,0.53,methanol
0.05684,0.54,0.53,methanol
0.05684,0.54,0.53,methanol
0.05684,0.54,0.53,methanol
0.05684,0.54,0.53,methanol
0.05684,0.54,0.53,methanol
0.05684,0.54,0.53,methanol
0.05684,0.54,0.53,methanol
0.05684,0.54,0.53,methanol
0.05684,0.54,0.53,methanol
0.05684,0.54,0.53,methanol
0.05684,0.54,0.53,methanol
0.05684,0.54,0.53,methanol
0.05684,0.54,0.53,methanol
0.05684,0.54,0.53,methanol
0.05684,0.54,0.53,methanol
0.05684,0.54,0.53,methanol
0.05684,0.54,0.53,methanol
0.05684,0.54,0.53,methanol
0.05684,0.54,0.53,methanol
0.05684,0.54,0.53,methanol
0.05684,0.54,0.53,methanol
0.05684,0.54,0.53,methanol
0.05684,0.54,0.53,methanol
0.05684,0.54,0.53,methanol
0.05684,0.54,0.53,methanol
0.05684,0.54,0.53,methanol
0.05684,0.54,0.53,methanol
0.05684,0.54,0.53,methanol
0.05684,0.54,0.53,methanol
0.05684,0.54,0.53,methanol
0.05684,0.54,0.53,methanol
0.05684,0.54,0.53,methanol
0.05684,0.54,0.53,methanol
0.05684,0.54,0.53,methanol
0.05684,0.54,0.53,methanol
0.05684,0.54,0.53,methanol
0.05684,0.54,0.53,methanol
0.05684,0.54,0.54,methanol
0.05684,0.54,0.54,methanol
0.05684,0.54,0.54,methanol
0.05684,0.54,0.54,methanol
0.05684,0.54,0.54,methanol
0.05684,0.54,0.54,methanol
0.05684,0.54,0.54,methanol
0.05684,0.54,0.54,methanol
0.05684,0.54,0.54,methanol
0.05684,0.54,0.54,methanol
0.05684,0.54,0.54,methanol
0.05684,0.54,0.54,methanol
0.05684,0.54,0.54,methanol
0.05684,0.54,0.54,methanol
0.05684,0.54,0.54,methanol
0.05684,0.54,0.54,methanol
0.05684,0.54,0.54,methanol
0.05684,0.54,0.54,methanol
0.05684,0.54,0.54,methanol
0.05684,0.54,0.54,methanol
0.05684,0.54,0.54,methanol
0.05684,0.54,0.54,methanol
0.05684,0.54,0.54,methanol
0.05684,0.54,0.54,methanol
0.05684,0.54,0.54,methanol
0.05684,0.54,0.54,methanol
0.05684,0.54,0.54,methanol
0.05684,0.54,0.54,methanol
0.05684,0.54,0.54,methanol
0.05684,0.54,0.54,methanol
0.05684,0.54,0.54,methanol
0.05684,0.54,0.54,methanol
0.05684,0.54,0.54,methanol
0.05684,0.54,0.54,methanol
0.05684,0.54,0.54,methanol
0.05684,0.54,0.54,methanol
0.05684,0.54,0.54,methanol
0.05684,0.54,0.54,methanol
0.05684,0.54,0.54,methanol
0.05684,0.54,0.54,methanol
0.05684,0.54,0.54,methanol
0.05684,0.54,0.54,methanol
0.05684,0.54,0.54,methanol
0.05684,0.54,0.54,methanol
0.05684,0.54,0.54,methanol
0.05684,0.54,0.54,methanol
0.05684,0.54,0.54,methanol
0.05684,0.54,0.54,methanol
0.05684,0.54,0.54,methanol
0.05684,0.54,0.54,methanol
0.05684,0.54,0.54,methanol
0.05684,0.54,0.54,methanol
0.05684,0.54,0.54,methanol
0.05684,0.54,0.54,methanol
0.05684,0.54,0.54,methanol
0.05684,0.54,0.54,methanol
0.05684,0.54,0.54,methanol
0.05684,0.54,0.54,methanol
0.05684,0.54,0.54,methanol
0.05684,0.54,0.54,methanol
0.05684,0.54,0.54,methanol
0.05684,0.54,0.54,methanol
0.05684,0.54,0.54,methanol
0.05684,0.54,0.54,methanol
0.05684,0.54,0.54,methanol
0.05684,0.54,0.54,methanol
0.05684,0.54,0.54,methanol
0.05684,0.54,0.54,methanol
0.05684,0.54,0.54,methanol
0.05684,0.54,0.54,methanol
0.05684,0.54,0.54,methanol
0.05684,0.54,0.54,methanol
0.05684,0.54,0.54,methanol
0.05684,0.54,0.54,methanol
0.05684,0.54,0.54,methanol
0.05684,0.54,0.54,methanol
0.05684,0.54,0.54,methanol
0.05684,0.54,0.54,methanol
0.05684,0.54,0.54,methanol
0.05684,0.54,0.54,methanol
0.05684,0.54,0.54,methanol
0.05684,0.54,0.54,methanol
0.05684,0.54,0.54,methanol
0.05684,0.54,0.54,methanol
0.05684,0.54,0.54,methanol
0.05684,0.54,0.54,methanol
0.05684,0.54,0.54,methanol
0.05684,0.54,0.54,methanol
0.05684,0.54,0.54,methanol
0.05684,0.54,0.54,methanol
0.05684,0.54,0.54,methanol
0.05684,0.54,0.54,methanol
0.05684,0.54,0.54,methanol
0.05684,0.54,0.54,methanol
0.05684,0.54,0.54,methanol
0.05684,0.54,0.54,methanol
0.05684,0.54,0.54,methanol
0.05684,0.54,0.54,methanol
0.05684,0.54,0.54,methanol
0.05684,0.54,0.54,methanol
0.05684,0.54,0.54,methanol
0.05684,0.54,0.54,methanol
0.05684,0.54,0.54,methanol
0.05684,0.54,0.54,methanol
0.05684,0.54,0.54,methanol
0.05684,0.54,0.54,methanol
0.05684,0.54,0.54,methanol
0.05684,0.54,0.54,methanol
0.05684,0.54,0.54,methanol
0.05684,0.54,0.54,methanol
0.05684,0.54,0.54,methanol
0.05684,0.54,0.54,methanol
0.05684,0.54,0.54,methanol
0.05684,0.54,0.54,methanol
0.05684,0.54,0.54,methanol
0.05684,0.54,0.54,methanol
0.05684,0.54,0.54,methanol
0.05684,0.54,0.54,methanol
0.05684,0.54,0.54,methanol
0.05684,0.54,0.54,methanol
0.05684,0.54,0.54,methanol
0.05684,0.54,0.54,methanol
0.05684,0.54,0.54,methanol
0.05684,0.54,0.54,methanol
0.05684,0.54,0.54,methanol
0.05684,0.54,0.54,methanol
0.05684,0.56,0.54,methanol
0.05684,0.56,0.54,methanol
0.05684,0.56,0.54,methanol
0.05684,0.56,0.54,methanol
0.05684,0.56,0.54,methanol
0.05684,0.56,0.54,methanol
0.05684,0.56,0.54,methanol
0.05684,0.56,0.54,methanol
0.05684,0.56,0.54,methanol
0.05684,0.56,0.54,methanol
0.05684,0.56,0.54,methanol
0.05684,0.56,0.54,methanol
0.05684,0.56,0.54,methanol
0.05684,0.56,0.54,methanol
0.05684,0.56,0.54,methanol
0.05684,0.56,0.54,methanol
0.05684,0.56,0.54,methanol
0.05684,0.56,0.54,methanol
0.05684,0.56,0.54,methanol
0.05684,0.56,0.54,methanol
0.05684,0.56,0.54,methanol
0.05684,0.56,0.54,methanol
0.05684,0.56,0.54,methanol
0.05684,0.56,0.54,methanol
0.05684,0.56,0.54,methanol
0.05684,0.56,0.54,methanol
0.05684,0.56,0.54,methanol
0.05684,0.56,0.54,methanol
0.05684,0.56,0.54,methanol
0.05684,0.56,0.54,methanol
0.05684,0.56,0.54,methanol
0.05684,0.56,0.54,methanol
0.05684,0.56,0.54,methanol
0.05684,0.56,0.54,methanol
0.05684,0.56,0.54,methanol
0.05684,0.56,0.54,methanol
0.05684,0.56,0.54,methanol
0.05684,0.56,0.54,methanol
0.05684,0.56,0.54,methanol
0.05684,0.56,0.54,methanol
0.05684,0.56,0.54,methanol
0.05684,0.56,0.54,methanol
0.05684,0.56,0.54,methanol
0.05684,0.56,0.54,methanol
0.05684,0.56,0.54,methanol
0.05684,0.56,0.54,methanol
0.05684,0.56,0.54,methanol
0.05684,0.56,0.54,methanol
0.05684,0.56,0.54,methanol
0.05684,0.56,0.54,methanol
0.05684,0.56,0.54,methanol
0.05684,0.56,0.54,methanol
0.05684,0.56,0.54,methanol
0.05684,0.56,0.54,methanol
0.05684,0.56,0.54,methanol
0.05684,0.56,0.54,methanol
0.05684,0.56,0.54,methanol
0.05684,0.56,0.54,methanol
0.05684,0.56,0.54,methanol
0.05684,0.56,0.54,methanol
0.05684,0.56,0.54,methanol
0.05684,0.56,0.54,methanol
0.05684,0.56,0.54,methanol
0.05684,0.56,0.54,methanol
0.05684,0.56,0.54,methanol
0.05684,0.56,0.54,methanol
0.05684,0.56,0.54,methanol
0.05684,0.56,0.54,methanol
0.05684,0.56,0.54,methanol
0.05684,0.56,0.54,methanol
0.05684,0.56,0.54,methanol
0.05684,0.56,0.54,methanol
0.05684,0.56,0.54,methanol
0.05684,0.56,0.54,methanol
0.05684,0.56,0.54,methanol
0.05684,0.56,0.54,methanol
0.05684,0.56,0.54,methanol
0.05684,0.56,0.54,methanol
0.05684,0.56,0.54,methanol
0.05684,0.56,0.54,methanol
0.05684,0.56,0.54,methanol
0.05684,0.56,0.54,methanol
0.05684,0.56,0.54,methanol
0.05684,0.56,0.54,methanol
0.05684,0.56,0.54,methanol
0.05684,0.56,0.54,methanol
0.05684,0.56,0.54,methanol
0.05684,0.56,0.54,methanol
0.05684,0.56,0.54,methanol
0.05684,0.56,0.54,methanol
0.05684,0.56,0.54,methanol
0.05684,0.56,0.54,methanol
0.05684,0.56,0.54,methanol
0.05684,0.56,0.54,methanol
0.05684,0.56,0.54,methanol
0.05684,0.56,0.54,methanol
0.05684,0.56,0.54,methanol
0.05684,0.56,0.54,methanol
0.05684,0.56,0.54,methanol
0.05684,0.56,0.54,methanol
0.05684,0.56,0.54,methanol
0.05684,0.56,0.54,methanol
0.05684,0.56,0.54,methanol
0.05684,0.56,0.54,methanol
0.05684,0.56,0.54,methanol
0.05684,0.56,0.54,methanol
0.05684,0.56,0.54,methanol
0.05684,0.56,0.54,methanol
0.05684,0.56,0.54,methanol
0.05684,0.56,0.54,methanol
0.05684,0.56,0.54,methanol
0.05684,0.56,0.54,methanol
0.05684,0.56,0.54,methanol
0.05684,0.56,0.54,methanol
0.05684,0.56,0.54,methanol
0.05684,0.56,0.54,methanol
0.05684,0.56,0.54,methanol
0.05684,0.56,0.54,methanol
0.05684,0.56,0.54,methanol
0.05684,0.56,0.54,methanol
0.05684,0.56,0.54,methanol
0.05684,0.56,0.54,methanol
0.05684,0.56,0.54,methanol
0.05684,0.56,0.54,methanol
0.05684,0.56,0.54,methanol
0.05684,0.56,0.54,methanol
0.05684,0.56,0.54,methanol
0.05684,0.56,0.54,methanol
0.05684,0.56,0.54,methanol
0.05684,0.56,0.54,methanol
0.05684,0.56,0.54,methanol
0.05684,0.56,0.54,methanol
0.05684,0.56,0.54,methanol
0.05684,0.56,0.54,methanol
0.05684,0.56,0.54,methanol
0.05684,0.56,0.54,methanol
0.05684,0.56,0.54,methanol
0.05684,0.56,0.54,methanol
0.05684,0.56,0.54,methanol
0.05684,0.56,0.54,methanol
0.05684,0.56,0.54,methanol
0.05684,0.56,0.54,methanol
0.05684,0.56,0.54,methanol
0.05684,0.56,0.54,methanol
0.05684,0.56,0.54,methanol
0.05684,0.56,0.54,methanol
0.05684,0.56,0.54,methanol
0.05684,0.56,0.54,methanol
0.05684,0.56,0.54,methanol
0.05684,0.56,0.54,methanol
0.05684,0.56,0.54,methanol
0.05684,0.56,0.54,methanol
0.05684,0.56,0.54,methanol
0.05684,0.56,0.54,methanol
0.05684,0.56,0.54,methanol
0.05684,0.56,0.54,methanol
0.05684,0.56,0.54,methanol
0.05684,0.56,0.54,methanol
0.05684,0.56,0.54,methanol
0.05684,0.56,0.54,methanol
0.05684,0.56,0.54,methanol
0.05684,0.56,0.54,methanol
0.05684,0.56,0.54,methanol
0.05684,0.56,0.54,methanol
0.05684,0.56,0.54,methanol
0.05684,0.56,0.54,methanol
0.05684,0.56,0.54,methanol
0.05684,0.56,0.54,methanol
0.05684,0.56,0.54,methanol
0.05684,0.56,0.54,methanol
0.05684,0.56,0.54,methanol
0.05684,0.56,0.54,methanol
0.05684,0.56,0.54,methanol
0.05684,0.56,0.54,methanol
0.05684,0.56,0.54,methanol
0.05684,0.56,0.54,methanol
0.05684,0.56,0.54,methanol
0.05684,0.56,0.54,methanol
0.05684,0.56,0.54,methanol
0.05684,0.56,0.54,methanol
0.05684,0.56,0.54,methanol
0.05684,0.56,0.54,methanol
0.05684,0.56,0.54,methanol
0.05684,0.56,0.54,methanol
0.05684,0.56,0.54,methanol
0.05684,0.56,0.54,methanol
0.05684,0.56,0.54,methanol
0.05684,0.56,0.54,methanol
0.05684,0.56,0.54,methanol
0.05684,0.56,0.54,methanol
0.05684,0.56,0.54,methanol
0.05684,0.56,0.54,methanol
0.05684,0.56,0.54,methanol
0.05684,0.56,0.54,methanol
0.05684,0.56,0.54,methanol
0.05684,0.56,0.54,methanol
0.05684,0.56,0.54,methanol
0.05684,0.56,0.54,methanol
0.05684,0.56,0.54,methanol
0.05684,0.56,0.54,methanol
0.05684,0.56,0.54,methanol
0.05684,0.56,0.54,methanol
0.05684,0.56,0.54,methanol
0.05684,0.56,0.54,methanol
0.05684,0.56,0.54,methanol
0.05684,0.56,0.54,methanol
0.05684,0.56,0.54,methanol
0.05684,0.56,0.54,methanol
0.05684,0.56,0.54,methanol
0.05684,0.56,0.54,methanol
0.05684,0.56,0.54,methanol
0.05684,0.56,0.54,methanol
0.05684,0.56,0.54,methanol
0.05684,0.56,0.54,methanol
0.05684,0.56,0.54,methanol
0.05684,0.56,0.54,methanol
0.05684,0.56,0.54,methanol
0.05684,0.56,0.54,methanol
0.05684,0.56,0.54,methanol
0.05684,0.56,0.54,methanol
0.05684,0.56,0.54,methanol
0.05684,0.56,0.54,methanol
0.05684,0.56,0.54,methanol
0.05684,0.56,0.54,methanol
0.05684,0.56,0.54,methanol
0.05684,0.56,0.54,methanol
0.05684,0.56,0.54,methanol
0.05684,0.56,0.54,methanol
0.05684,0.56,0.54,methanol
0.05684,0.56,0.54,methanol
0.05684,0.56,0.54,methanol
0.05684,0.56,0.54,methanol
0.05684,0.56,0.54,methanol
0.05684,0.56,0.54,methanol
0.05684,0.56,0.54,methanol
0.05684,0.56,0.54,methanol
0.05684,0.56,0.54,methanol
0.05684,0.56,0.54,methanol
0.05684,0.56,0.54,methanol
0.05684,0.56,0.54,methanol
0.05684,0.56,0.54,methanol
0.05684,0.56,0.54,methanol
0.05684,0.56,0.54,methanol
0.05684,0.56,0.54,methanol
0.05684,0.56,0.54,methanol
0.05684,0.56,0.54,methanol
0.05684,0.56,0.54,methanol
2.4168,0.52,0.34,open_air
2.41168,0.52,0.34,open_air
2.42023,0.52,0.34,open_air
2.42366,0.52,0.34,open_air
2.4168,0.52,0.34,open_air
2.41338,0.52,0.34,open_air
2.41338,0.52,0.34,open_air
2.4168,0.52,0.34,open_air
2.41509,0.52,0.34,open_air
2.41338,0.52,0.34,open_air
2.41338,0.52,0.34,open_air
2.4168,0.52,0.34,open_air
2.42023,0.52,0.34,open_air
2.42023,0.52,0.34,open_air
2.41338,0.52,0.34,open_air
2.4168,0.52,0.34,open_air
2.42194,0.52,0.34,open_air
2.42023,0.52,0.34,open_air
2.41338,0.52,0.34,open_air
2.41509,0.52,0.34,open_air
2.41851,0.52,0.34,open_air
2.40488,0.52,0.34,open_air
2.40827,0.52,0.34,open_air
2.42539,0.52,0.34,open_air
2.41168,0.52,0.34,open_air
2.42194,0.52,0.34,open_air
2.42711,0.52,0.34,open_air
2.42023,0.52,0.34,open_air
2.40827,0.52,0.34,open_air
2.42366,0.52,0.34,open_air
2.40997,0.52,0.34,open_air
2.42711,0.52,0.34,open_air
2.41509,0.52,0.34,open_air
2.42023,0.52,0.34,open_air
2.41851,0.52,0.34,open_air
2.4168,0.52,0.34,open_air
2.42711,0.52,0.34,open_air
2.41338,0.52,0.34,open_air
2.41851,0.52,0.34,open_air
2.41509,0.52,0.34,open_air
2.40997,0.52,0.34,open_air
2.40658,0.52,0.34,open_air
2.41509,0.52,0.34,open_air
2.40827,0.52,0.34,open_air
2.42539,0.52,0.34,open_air
2.42194,0.52,0.34,open_air
2.42366,0.52,0.34,open_air
2.42366,0.52,0.34,open_air
2.42023,0.52,0.34,open_air
2.42194,0.52,0.34,open_air
2.42194,0.52,0.34,open_air
2.42884,0.52,0.34,open_air
2.41851,0.52,0.34,open_air
2.42023,0.52,0.34,open_air
2.42194,0.52,0.34,open_air
2.42884,0.52,0.34,open_air
2.41851,0.52,0.34,open_air
2.42884,0.52,0.34,open_air
2.42539,0.52,0.34,open_air
2.42539,0.52,0.34,open_air
2.42366,0.52,0.34,open_air
2.42366,0.52,0.34,open_air
2.41851,0.52,0.34,open_air
2.42023,0.52,0.34,open_air
2.42194,0.52,0.34,open_air
2.4168,0.52,0.34,open_air
2.4168,0.52,0.34,open_air
2.4168,0.52,0.34,open_air
2.42366,0.52,0.34,open_air
2.41851,0.52,0.34,open_air
2.4168,0.52,0.34,open_air
2.42539,0.52,0.34,open_air
2.42023,0.52,0.34,open_air
2.42539,0.52,0.34,open_air
2.4168,0.52,0.34,open_air
2.41168,0.52,0.34,open_air
2.41338,0.52,0.34,open_air
2.42194,0.52,0.34,open_air
2.41851,0.52,0.34,open_air
2.41509,0.52,0.34,open_air
2.40658,0.52,0.34,open_air
2.41338,0.52,0.34,open_air
2.42711,0.52,0.34,open_air
2.41338,0.52,0.34,open_air
2.42711,0.52,0.34,open_air
2.42023,0.52,0.34,open_air
2.43057,0.52,0.34,open_air
2.41168,0.52,0.34,open_air
2.4168,0.52,0.34,open_air
2.42884,0.52,0.34,open_air
2.42711,0.52,0.34,open_air
2.42023,0.52,0.34,open_air
2.41338,0.52,0.34,open_air
2.41851,0.52,0.34,open_air
2.42711,0.52,0.34,open_air
2.42366,0.52,0.34,open_air
2.42711,0.52,0.34,open_air
2.42539,0.52,0.34,open_air
2.43057,0.52,0.34,open_air
2.42539,0.52,0.34,open_air
2.42194,0.52,0.34,open_air
2.42023,0.52,0.34,open_air
2.43057,0.52,0.34,open_air
2.42194,0.52,0.34,open_air
2.41168,0.52,0.34,open_air
2.42023,0.52,0.34,open_air
2.42194,0.52,0.34,open_air
2.41338,0.52,0.34,open_air
2.41338,0.52,0.34,open_air
2.42884,0.52,0.34,open_air
2.42884,0.52,0.34,open_air
2.43057,0.52,0.34,open_air
2.43057,0.52,0.34,open_air
2.42023,0.52,0.34,open_air
2.42711,0.52,0.34,open_air
2.41851,0.52,0.34,open_air
2.42366,0.52,0.34,open_air
2.42194,0.52,0.34,open_air
2.4323,0.52,0.34,open_air
2.43577,0.52,0.34,open_air
2.42023,0.52,0.34,open_air
2.43057,0.52,0.34,open_air
2.43403,0.52,0.34,open_air
2.4168,0.52,0.34,open_air
2.42711,0.52,0.34,open_air
2.4323,0.52,0.34,open_air
2.43057,0.52,0.34,open_air
2.43751,0.52,0.34,open_air
2.42194,0.52,0.34,open_air
2.42711,0.52,0.34,open_air
2.42539,0.52,0.34,open_air
2.4168,0.52,0.34,open_air
2.43925,0.52,0.34,open_air
2.43057,0.52,0.34,open_air
2.42539,0.52,0.34,open_air
2.43403,0.52,0.34,open_air
2.4323,0.52,0.34,open_air
2.42711,0.52,0.34,open_air
2.41168,0.52,0.34,open_air
2.43751,0.52,0.34,open_air
2.42023,0.52,0.34,open_air
2.43403,0.52,0.34,open_air
2.42194,0.52,0.34,open_air
2.43057,0.52,0.34,open_air
2.4168,0.52,0.34,open_air
2.4168,0.52,0.34,open_air
2.43057,0.52,0.34,open_air
2.42023,0.52,0.34,open_air
2.43403,0.52,0.34,open_air
2.42711,0.52,0.34,open_air
2.41509,0.52,0.34,open_air
2.4168,0.52,0.34,open_air
2.4323,0.52,0.34,open_air
2.43403,0.52,0.34,open_air
2.42194,0.52,0.34,open_air
2.43057,0.52,0.34,open_air
2.42539,0.52,0.34,open_air
2.43403,0.52,0.34,open_air
2.42023,0.52,0.34,open_air
2.43057,0.52,0.34,open_air
2.43403,0.52,0.34,open_air
2.42539,0.52,0.34,open_air
2.43057,0.52,0.34,open_air
2.42884,0.52,0.34,open_air
2.42711,0.52,0.34,open_air
2.40997,0.52,0.34,open_air
2.42366,0.52,0.34,open_air
2.42884,0.52,0.34,open_air
2.42711,0.52,0.34,open_air
2.41338,0.52,0.34,open_air
2.4168,0.52,0.34,open_air
2.43057,0.52,0.34,open_air
2.42023,0.52,0.34,open_air
2.4168,0.52,0.34,open_air
2.42023,0.52,0.34,open_air
2.41851,0.52,0.34,open_air
2.42366,0.52,0.34,open_air
2.4168,0.52,0.34,open_air
2.42023,0.52,0.34,open_air
2.41851,0.52,0.34,open_air
2.42194,0.52,0.34,open_air
2.42539,0.52,0.34,open_air
2.41338,0.52,0.34,open_air
2.42539,0.52,0.34,open_air
2.4168,0.52,0.34,open_air
2.41168,0.52,0.34,open_air
2.41509,0.52,0.34,open_air
2.42194,0.52,0.34,open_air
2.42366,0.52,0.34,open_air
2.42711,0.52,0.34,open_air
2.42366,0.52,0.34,open_air
2.40488,0.52,0.34,open_air
2.41851,0.52,0.34,open_air
2.42023,0.52,0.34,open_air
2.42023,0.52,0.34,open_air
2.42366,0.52,0.34,open_air
2.42366,0.52,0.34,open_air
2.42539,0.52,0.34,open_air
2.42194,0.52,0.34,open_air
2.4168,0.52,0.34,open_air
2.42194,0.52,0.34,open_air
2.42366,0.52,0.34,open_air
2.41509,0.52,0.34,open_air
2.42711,0.52,0.34,open_air
2.41851,0.52,0.34,open_air
2.4168,0.52,0.34,open_air
2.42366,0.52,0.34,open_air
2.41851,0.52,0.34,open_air
2.40997,0.52,0.34,open_air
2.4168,0.52,0.34,open_air
2.42194,0.52,0.34,open_air
2.4168,0.52,0.34,open_air
2.39476,0.52,0.34,open_air
2.40658,0.52,0.34,open_air
2.40658,0.52,0.34,open_air
2.41338,0.52,0.34,open_air
2.41168,0.52,0.34,open_air
2.42023,0.52,0.34,open_air
2.41338,0.52,0.34,open_air
2.4168,0.52,0.34,open_air
2.41338,0.52,0.34,open_air
2.43057,0.52,0.34,open_air
2.41509,0.52,0.34,open_air
2.41338,0.52,0.34,open_air
2.41338,0.52,0.34,open_air
2.43057,0.52,0.34,open_air
2.40997,0.52,0.34,open_air
2.40827,0.52,0.34,open_air
2.42366,0.52,0.34,open_air
2.41168,0.52,0.34,open_air
2.42023,0.52,0.34,open_air
2.39981,0.52,0.34,open_air
2.40997,0.52,0.34,open_air
2.41509,0.52,0.34,open_air
2.40997,0.52,0.34,open_air
2.40997,0.52,0.34,open_air
2.42711,0.52,0.34,open_air
2.41509,0.52,0.34,open_air
2.41338,0.52,0.34,open_air
2.41509,0.52,0.34,open_air
2.41338,0.52,0.34,open_air
2.41168,0.52,0.34,open_air
2.39644,0.52,0.34,open_air
2.40658,0.52,0.34,open_air
2.40997,0.52,0.34,open_air
2.40658,0.52,0.34,open_air
2.40658,0.52,0.34,open_air
2.40997,0.52,0.34,open_air
2.4015,0.52,0.34,open_air
2.41338,0.52,0.34,open_air
2.42023,0.52,0.34,open_air
2.40488,0.52,0.34,open_air
2.41338,0.52,0.34,open_air
2.40319,0.52,0.34,open_air
2.40319,0.52,0.34,open_air
2.4168,0.52,0.34,open_air
2.41168,0.52,0.34,open_air
2.41509,0.52,0.34,open_air
2.40997,0.52,0.34,open_air
2.41338,0.52,0.34,open_air
2.41509,0.52,0.34,open_air
2.41509,0.52,0.34,open_air
2.41168,0.52,0.34,open_air
2.41168,0.52,0.34,open_air
2.42366,0.52,0.34,open_air
2.41509,0.52,0.34,open_air
2.41168,0.52,0.34,open_air
2.39644,0.52,0.34,open_air
2.41338,0.52,0.34,open_air
2.4168,0.52,0.34,open_air
2.40658,0.52,0.34,open_air
2.41851,0.52,0.34,open_air
2.40997,0.52,0.34,open_air
2.39981,0.52,0.34,open_air
2.41168,0.52,0.34,open_air
2.41851,0.52,0.34,open_air
2.4168,0.52,0.34,open_air
2.42023,0.52,0.34,open_air
2.41509,0.52,0.34,open_air
2.41338,0.52,0.34,open_air
2.41338,0.52,0.34,open_air
2.40488,0.52,0.34,open_air
2.40997,0.52,0.34,open_air
2.4168,0.52,0.34,open_air
2.41509,0.52,0.34,open_air
2.40658,0.52,0.34,open_air
2.40997,0.52,0.34,open_air
2.41509,0.52,0.34,open_air
2.41509,0.52,0.34,open_air
2.4168,0.52,0.34,open_air
2.41509,0.52,0.34,open_air
2.41168,0.52,0.34,open_air
2.42023,0.52,0.34,open_air
2.4168,0.52,0.34,open_air
2.41509,0.52,0.34,open_air
2.41168,0.52,0.34,open_air
2.41851,0.52,0.34,open_air
2.41338,0.52,0.34,open_air
2.4323,0.52,0.34,open_air
2.41168,0.52,0.34,open_air
2.40827,0.52,0.34,open_air
2.41338,0.52,0.34,open_air
2.42194,0.52,0.34,open_air
2.40827,0.52,0.34,open_air
2.41851,0.52,0.34,open_air
2.41338,0.52,0.34,open_air
2.42194,0.52,0.34,open_air
2.41851,0.52,0.34,open_air
2.42194,0.52,0.34,open_air
2.40827,0.52,0.34,open_air
2.41338,0.52,0.34,open_air
2.4168,0.52,0.34,open_air
2.40488,0.52,0.34,open_air
2.39812,0.52,0.34,open_air
2.42023,0.52,0.34,open_air
2.40997,0.52,0.34,open_air
2.41338,0.52,0.34,open_air
2.40319,0.52,0.34,open_air
2.41338,0.52,0.34,open_air
2.41509,0.52,0.34,open_air
2.40658,0.52,0.34,open_air
2.40319,0.52,0.34,open_air
2.41509,0.52,0.34,open_air
2.41338,0.52,0.34,open_air
2.40658,0.52,0.34,open_air
2.4168,0.52,0.34,open_air
2.41851,0.52,0.34,open_air
2.41338,0.52,0.34,open_air
2.40319,0.52,0.34,open_air
2.41338,0.52,0.34,open_air
2.40827,0.52,0.34,open_air
2.41168,0.52,0.34,open_air
2.40658,0.52,0.34,open_air
2.4015,0.52,0.34,open_air
2.41338,0.52,0.34,open_air
2.41338,0.52,0.34,open_air
2.41338,0.52,0.34,open_air
2.41851,0.52,0.34,open_air
2.42023,0.52,0.34,open_air
2.40827,0.52,0.34,open_air
2.4168,0.52,0.34,open_air
2.41168,0.52,0.34,open_air
2.41851,0.52,0.34,open_air
2.41168,0.52,0.34,open_air
2.42194,0.52,0.34,open_air
2.42023,0.52,0.34,open_air
2.40319,0.52,0.34,open_air
2.43057,0.52,0.34,open_air
2.4168,0.52,0.34,open_air
2.40827,0.52,0.34,open_air
2.42366,0.52,0.34,open_air
2.39476,0.52,0.34,open_air
2.41338,0.52,0.34,open_air
2.4168,0.52,0.34,open_air
2.42711,0.52,0.34,open_air
2.42366,0.52,0.34,open_air
2.41509,0.52,0.34,open_air
2.40827,0.52,0.34,open_air
2.42194,0.52,0.34,open_air
2.41168,0.52,0.34,open_air
2.4015,0.52,0.34,open_air
2.41509,0.52,0.34,open_air
2.42539,0.52,0.34,open_air
2.42023,0.52,0.34,open_air
2.40658,0.52,0.34,open_air
2.43057,0.52,0.34,open_air
2.4323,0.52,0.34,open_air
2.41851,0.52,0.34,open_air
2.40997,0.52,0.34,open_air
2.42023,0.52,0.34,open_air
2.41338,0.52,0.34,open_air
2.4168,0.52,0.34,open_air
2.42366,0.52,0.34,open_air
2.40827,0.52,0.34,open_air
2.42023,0.52,0.34,open_air
2.41168,0.52,0.34,open_air
2.41851,0.52,0.34,open_air
2.41851,0.52,0.34,open_air
2.42366,0.52,0.34,open_air
2.4168,0.52,0.34,open_air
2.41338,0.52,0.34,open_air
2.41338,0.52,0.34,open_air
2.41509,0.52,0.34,open_air
2.41509,0.52,0.34,open_air
2.41168,0.52,0.34,open_air
2.41338,0.52,0.34,open_air
2.42711,0.52,0.34,open_air
2.41338,0.52,0.34,open_air
2.40827,0.52,0.34,open_air
2.41338,0.52,0.34,open_air
2.41168,0.52,0.34,open_air
2.40827,0.52,0.34,open_air
2.42023,0.52,0.34,open_air
2.41338,0.52,0.34,open_air
2.41338,0.52,0.34,open_air
2.4168,0.52,0.34,open_air
2.41168,0.52,0.34,open_air
2.42194,0.52,0.34,open_air
2.41168,0.52,0.34,open_air
2.40997,0.52,0.34,open_air
2.40488,0.52,0.34,open_air
2.41509,0.52,0.34,open_air
2.41509,0.52,0.34,open_air
2.41509,0.52,0.34,open_air
2.40997,0.52,0.34,open_air
2.42711,0.52,0.34,open_air
2.39644,0.52,0.34,open_air
2.4168,0.52,0.34,open_air
2.40997,0.52,0.34,open_air
2.41509,0.52,0.34,open_air
2.40997,0.52,0.34,open_air
2.40658,0.52,0.34,open_air
2.40997,0.52,0.34,open_air
2.4168,0.52,0.34,open_air
2.41509,0.52,0.34,open_air
2.42023,0.52,0.34,open_air
2.4323,0.52,0.34,open_air
2.44274,0.52,0.34,open_air
2.40827,0.52,0.34,open_air
2.40658,0.52,0.34,open_air
2.41509,0.52,0.34,open_air
2.41509,0.52,0.34,open_air
2.41509,0.52,0.34,open_air
2.40488,0.52,0.34,open_air
2.40827,0.52,0.34,open_air
2.41168,0.52,0.34,open_air
2.41168,0.52,0.34,open_air
2.40319,0.52,0.34,open_air
2.40827,0.52,0.34,open_air
2.40658,0.52,0.34,open_air
2.40827,0.52,0.34,open_air
2.40319,0.52,0.34,open_air
2.41338,0.52,0.34,open_air
2.40658,0.52,0.34,open_air
2.39308,0.52,0.34,open_air
2.41168,0.52,0.34,open_air
2.39981,0.52,0.34,open_air
2.40658,0.52,0.34,open_air
2.39644,0.52,0.34,open_air
2.40319,0.52,0.34,open_air
2.40658,0.52,0.34,open_air
2.39308,0.52,0.34,open_air
2.40827,0.52,0.34,open_air
2.40827,0.52,0.34,open_air
2.40319,0.52,0.34,open_air
2.39476,0.52,0.34,open_air
2.39812,0.52,0.34,open_air
2.38305,0.52,0.34,open_air
2.39308,0.52,0.34,open_air
2.40319,0.52,0.34,open_air
2.38973,0.52,0.34,open_air
2.40997,0.52,0.34,open_air
2.40827,0.52,0.34,open_air
2.39476,0.52,0.34,open_air
2.40488,0.52,0.34,open_air
2.42194,0.52,0.34,open_air
2.40319,0.52,0.34,open_air
2.39981,0.52,0.34,open_air
2.40658,0.52,0.34,open_air
2.41509,0.52,0.34,open_air
2.39981,0.52,0.34,open_air
2.40658,0.52,0.34,open_air
2.41168,0.52,0.34,open_air
2.4015,0.52,0.34,open_air
2.41168,0.52,0.34,open_air
2.40827,0.52,0.34,open_air
2.39476,0.52,0.34,open_air
2.41168,0.52,0.34,open_air
2.39981,0.52,0.34,open_air
2.40319,0.52,0.34,open_air
2.40997,0.52,0.34,open_air
2.41338,0.52,0.34,open_air
2.40658,0.52,0.34,open_air
2.40319,0.52,0.34,open_air
2.41338,0.52,0.34,open_air
2.41168,0.52,0.34,open_air
2.40997,0.52,0.34,open_air
2.4015,0.52,0.34,open_air
2.40827,0.52,0.34,open_air
2.40827,0.52,0.34,open_air
2.41338,0.52,0.34,open_air
2.42023,0.52,0.34,open_air
2.41338,0.52,0.34,open_air
2.40827,0.52,0.34,open_air
2.39812,0.52,0.34,open_air
2.4168,0.52,0.34,open_air
2.41338,0.52,0.34,open_air
2.42023,0.52,0.34,open_air
2.39644,0.52,0.34,open_air
2.4015,0.52,0.34,open_air
2.40658,0.52,0.34,open_air
2.41168,0.52,0.34,open_air
2.41338,0.52,0.34,open_air
2.42884,0.52,0.34,open_air
2.40997,0.52,0.34,open_air
2.41168,0.52,0.34,open_air
2.40658,0.52,0.34,open_air
2.42023,0.52,0.34,open_air
2.40827,0.52,0.34,open_air
2.41168,0.52,0.34,open_air
2.41338,0.52,0.34,open_air
2.39981,0.52,0.34,open_air
2.41168,0.52,0.34,open_air
2.40319,0.52,0.34,open_air
2.40658,0.52,0.34,open_air
2.4015,0.52,0.34,open_air
2.41338,0.52,0.34,open_air
2.41338,0.52,0.34,open_air
2.4168,0.52,0.34,open_air
2.41338,0.52,0.34,open_air
2.40997,0.52,0.34,open_air
2.40997,0.52,0.34,open_air
2.40488,0.52,0.34,open_air
2.41168,0.52,0.34,open_air
2.4168,0.52,0.34,open_air
2.40997,0.52,0.34,open_air
2.42194,0.52,0.34,open_air
2.4168,0.52,0.34,open_air
2.41168,0.52,0.34,open_air
2.42366,0.52,0.34,open_air
2.40827,0.52,0.34,open_air
2.41168,0.52,0.34,open_air
2.40997,0.52,0.34,open_air
2.43751,0.52,0.34,open_air
2.41338,0.52,0.34,open_air
2.40997,0.52,0.34,open_air
2.4168,0.52,0.34,open_air
2.41509,0.52,0.34,open_air
2.41338,0.52,0.34,open_air
2.41509,0.52,0.34,open_air
2.41509,0.52,0.34,open_air
2.40997,0.52,0.34,open_air
2.41338,0.52,0.34,open_air
2.41509,0.52,0.34,open_air
2.41851,0.52,0.34,open_air
2.42023,0.52,0.34,open_air
2.43057,0.52,0.34,open_air
2.4168,0.52,0.34,open_air
2.40827,0.52,0.34,open_air
2.41851,0.52,0.34,open_air
2.41509,0.52,0.34,open_air
2.41509,0.52,0.34,open_air
2.41509,0.52,0.34,open_air
2.4323,0.52,0.34,open_air
2.41509,0.52,0.34,open_air
2.41851,0.52,0.34,open_air
2.41509,0.52,0.34,open_air
2.43925,0.52,0.34,open_air
2.42023,0.52,0.34,open_air
2.40997,0.52,0.34,open_air
2.4168,0.52,0.34,open_air
2.41338,0.52,0.34,open_air
2.41168,0.52,0.34,open_air
2.41338,0.52,0.34,open_air
2.4323,0.52,0.34,open_air
2.41851,0.52,0.34,open_air
2.42194,0.52,0.34,open_air
2.43577,0.52,0.34,open_air
2.4168,0.52,0.34,open_air
2.4015,0.52,0.34,open_air
2.42023,0.52,0.34,open_air
2.41509,0.52,0.34,open_air
2.4168,0.52,0.34,open_air
2.40488,0.52,0.34,open_air
2.41851,0.52,0.34,open_air
2.40997,0.52,0.34,open_air
2.41851,0.52,0.34,open_air
2.41851,0.52,0.34,open_air
2.42711,0.52,0.34,open_air
2.42023,0.52,0.34,open_air
2.42023,0.52,0.34,open_air
2.40997,0.52,0.34,open_air
2.41509,0.52,0.34,open_air
2.41509,0.52,0.34,open_air
2.40658,0.52,0.34,open_air
2.42366,0.52,0.34,open_air
2.40658,0.52,0.34,open_air
2.41509,0.52,0.34,open_air
2.42023,0.52,0.34,open_air
2.41338,0.52,0.34,open_air
2.41168,0.52,0.34,open_air
2.41851,0.52,0.34,open_air
2.4323,0.52,0.34,open_air
2.42366,0.52,0.34,open_air
2.40997,0.52,0.34,open_air
2.41509,0.52,0.34,open_air
2.42023,0.52,0.34,open_air
2.42194,0.52,0.34,open_air
2.41168,0.52,0.34,open_air
2.42023,0.52,0.34,open_air
2.4168,0.52,0.34,open_air
2.43403,0.52,0.34,open_air
2.42023,0.52,0.34,open_air
2.40997,0.52,0.34,open_air
2.41338,0.52,0.34,open_air
2.42023,0.52,0.34,open_air
2.41338,0.52,0.34,open_air
2.40997,0.52,0.34,open_air
2.42023,0.52,0.34,open_air
2.41509,0.52,0.34,open_air
2.41509,0.52,0.34,open_air
2.40827,0.52,0.34,open_air
2.41509,0.52,0.34,open_air
2.42539,0.52,0.34,open_air
2.4168,0.52,0.34,open_air
2.41509,0.52,0.34,open_air
2.43403,0.52,0.34,open_air
2.4168,0.52,0.34,open_air
2.4168,0.52,0.34,open_air
2.4168,0.52,0.34,open_air
2.41509,0.52,0.34,open_air
2.4168,0.52,0.34,open_air
2.4168,0.52,0.34,open_air
2.41851,0.52,0.34,open_air
2.4168,0.52,0.34,open_air
2.42023,0.52,0.34,open_air
2.41851,0.52,0.34,open_air
2.4168,0.52,0.34,open_air
2.42023,0.52,0.34,open_air
2.42023,0.52,0.34,open_air
2.42194,0.52,0.34,open_air
2.4323,0.52,0.34,open_air
2.41509,0.52,0.34,open_air
2.42539,0.52,0.34,open_air
2.4168,0.52,0.34,open_air
2.42366,0.52,0.34,open_air
2.41509,0.52,0.34,open_air
2.43403,0.52,0.34,open_air
2.41509,0.52,0.34,open_air
2.42023,0.52,0.34,open_air
2.42194,0.52,0.34,open_air
2.42884,0.52,0.34,open_air
2.42194,0.52,0.34,open_air
2.41851,0.52,0.34,open_air
2.4168,0.52,0.34,open_air
2.42194,0.52,0.34,open_air
2.42366,0.52,0.34,open_air
2.42194,0.52,0.34,open_air
2.43057,0.52,0.34,open_air
2.43403,0.52,0.34,open_air
2.42366,0.52,0.34,open_air
2.42539,0.52,0.34,open_air
2.40827,0.52,0.34,open_air
2.42711,0.52,0.34,open_air
2.4323,0.52,0.34,open_air
2.42366,0.52,0.34,open_air
2.43057,0.52,0.34,open_air
2.42366,0.52,0.34,open_air
2.42194,0.52,0.34,open_air
2.41509,0.52,0.34,open_air
2.40827,0.52,0.34,open_air
2.42023,0.52,0.34,open_air
2.42539,0.52,0.34,open_air
2.41851,0.52,0.34,open_air
2.4168,0.52,0.34,open_air
2.4168,0.52,0.34,open_air
2.41338,0.52,0.34,open_air
2.42539,0.52,0.34,open_air
2.41851,0.52,0.34,open_air
2.42023,0.52,0.34,open_air
2.41851,0.52,0.34,open_air
2.4168,0.52,0.34,open_air
2.41168,0.52,0.34,open_air
2.41338,0.52,0.34,open_air
2.42366,0.52,0.34,open_air
2.4168,0.52,0.34,open_air
2.42539,0.52,0.34,open_air
2.41168,0.52,0.34,open_air
2.41851,0.52,0.34,open_air
2.42539,0.52,0.34,open_air
2.42711,0.52,0.34,open_air
2.42366,0.52,0.34,open_air
2.42711,0.52,0.34,open_air
2.41851,0.52,0.34,open_air
2.41338,0.52,0.34,open_air
2.41168,0.52,0.34,open_air
2.42023,0.52,0.34,open_air
2.41338,0.52,0.34,open_air
2.4168,0.52,0.34,open_air
2.41338,0.52,0.34,open_air
2.4168,0.52,0.34,open_air
2.42539,0.52,0.34,open_air
2.41338,0.52,0.34,open_air
2.41851,0.52,0.34,open_air
2.41509,0.52,0.34,open_air
2.41509,0.52,0.34,open_air
2.4168,0.52,0.34,open_air
2.42194,0.52,0.34,open_air
2.42366,0.52,0.34,open_air
2.42711,0.52,0.34,open_air
2.42711,0.52,0.34,open_air
2.42023,0.52,0.34,open_air
2.41338,0.52,0.34,open_air
2.42539,0.52,0.34,open_air
2.42366,0.52,0.34,open_air
2.41851,0.52,0.34,open_air
2.41168,0.52,0.34,open_air
2.41851,0.52,0.34,open_air
2.4168,0.52,0.34,open_air
2.41338,0.52,0.34,open_air
2.41338,0.52,0.34,open_air
2.41509,0.52,0.34,open_air
2.41338,0.52,0.34,open_air
2.40488,0.52,0.34,open_air
2.4168,0.52,0.34,open_air
2.42023,0.52,0.34,open_air
2.41338,0.52,0.34,open_air
2.4168,0.52,0.34,open_air
2.41338,0.52,0.34,open_air
2.41168,0.52,0.34,open_air
2.41509,0.52,0.34,open_air
2.42023,0.52,0.34,open_air
2.39812,0.52,0.34,open_air
2.42711,0.52,0.34,open_air
2.40658,0.52,0.34,open_air
2.43057,0.52,0.34,open_air
2.4168,0.52,0.34,open_air
2.41851,0.52,0.34,open_air
2.42366,0.52,0.34,open_air
2.42023,0.52,0.34,open_air
2.41338,0.52,0.34,open_air
2.4168,0.52,0.34,open_air
2.42023,0.52,0.34,open_air
2.4323,0.52,0.34,open_air
2.42194,0.52,0.34,open_air
2.42366,0.52,0.34,open_air
2.42366,0.52,0.34,open_air
2.41509,0.52,0.34,open_air
2.43577,0.52,0.34,open_air
2.42023,0.52,0.34,open_air
2.41338,0.52,0.34,open_air
2.43925,0.52,0.34,open_air
2.40827,0.52,0.34,open_air
2.39981,0.52,0.34,open_air
2.41509,0.52,0.34,open_air
2.41509,0.52,0.34,open_air
2.42023,0.52,0.34,open_air
2.42023,0.52,0.34,open_air
2.42366,0.52,0.34,open_air
2.41338,0.52,0.34,open_air
2.41851,0.52,0.34,open_air
2.41851,0.52,0.34,open_air
2.43057,0.52,0.34,open_air
2.42884,0.52,0.34,open_air
2.40997,0.52,0.34,open_air
2.41851,0.52,0.34,open_air
2.42366,0.52,0.34,open_air
2.42194,0.52,0.34,open_air
2.41509,0.52,0.34,open_air
2.41509,0.52,0.34,open_air
2.42023,0.52,0.34,open_air
2.42194,0.52,0.34,open_air
2.42711,0.52,0.34,open_air
2.4168,0.52,0.34,open_air
2.41851,0.52,0.34,open_air
2.43925,0.52,0.34,open_air
2.43403,0.52,0.34,open_air
2.42023,0.52,0.34,open_air
2.42539,0.52,0.34,open_air
2.42023,0.52,0.34,open_air
2.4168,0.52,0.34,open_air
2.40488,0.52,0.34,open_air
2.41338,0.52,0.34,open_air
2.41851,0.52,0.34,open_air
2.43925,0.52,0.34,open_air
2.42023,0.52,0.34,open_air
2.42884,0.52,0.34,open_air
2.42023,0.52,0.34,open_air
2.42711,0.52,0.34,open_air
2.42194,0.52,0.34,open_air
2.42366,0.52,0.34,open_air
2.43057,0.52,0.34,open_air
2.42539,0.52,0.34,open_air
2.42884,0.52,0.34,open_air
2.43403,0.52,0.34,open_air
2.441,0.52,0.34,open_air
2.42711,0.52,0.34,open_air
2.42194,0.52,0.34,open_air
2.42539,0.52,0.34,open_air
2.42884,0.52,0.34,open_air
2.42023,0.52,0.34,open_air
2.42539,0.52,0.34,open_air
2.42366,0.52,0.34,open_air
2.42539,0.52,0.34,open_air
2.42023,0.52,0.34,open_air
2.42711,0.52,0.34,open_air
2.42884,0.52,0.34,open_air
2.44449,0.52,0.34,open_air
2.42711,0.52,0.34,open_air
2.41851,0.52,0.34,open_air
2.42711,0.52,0.34,open_air
2.42366,0.52,0.34,open_air
2.43057,0.52,0.34,open_air
2.42366,0.52,0.34,open_air
2.42366,0.52,0.34,open_air
2.43403,0.52,0.34,open_air
2.43403,0.52,0.34,open_air
2.42884,0.52,0.34,open_air
2.42366,0.52,0.34,open_air
2.43057,0.52,0.34,open_air
2.43751,0.52,0.34,open_air
2.42539,0.52,0.34,open_air
2.42884,0.52,0.34,open_air
2.43403,0.52,0.34,open_air
2.4168,0.52,0.34,open_air
2.45152,0.52,0.34,open_air
2.42539,0.52,0.34,open_air
2.43403,0.52,0.34,open_air
2.42884,0.52,0.34,open_air
2.43057,0.52,0.34,open_air
2.4323,0.52,0.34,open_air
2.43057,0.52,0.34,open_air
2.448,0.52,0.34,open_air
2.4323,0.52,0.34,open_air
2.42711,0.52,0.34,open_air
2.43403,0.52,0.34,open_air
2.42366,0.52,0.34,open_air
2.42711,0.52,0.34,open_air
2.43403,0.52,0.34,open_air
2.42884,0.52,0.34,open_air
2.4323,0.52,0.34,open_air
2.4323,0.52,0.34,open_air
2.42539,0.52,0.34,open_air
2.43403,0.52,0.34,open_air
2.4168,0.52,0.34,open_air
2.42884,0.52,0.34,open_air
2.43057,0.52,0.34,open_air
2.43057,0.52,0.34,open_air
2.42711,0.52,0.34,open_air
2.43751,0.52,0.34,open_air
2.42711,0.52,0.34,open_air
2.42711,0.52,0.34,open_air
2.43403,0.52,0.34,open_air
2.44624,0.52,0.34,open_air
2.43577,0.52,0.34,open_air
2.42884,0.52,0.34,open_air
2.42366,0.52,0.34,open_air
2.42711,0.52,0.34,open_air
2.43403,0.52,0.34,open_air
2.42884,0.52,0.34,open_air
2.42884,0.52,0.34,open_air
2.43057,0.52,0.34,open_air
2.42884,0.52,0.34,open_air
2.42711,0.52,0.34,open_air
2.43057,0.52,0.34,open_air
2.42366,0.52,0.34,open_air
2.441,0.52,0.34,open_air
2.43057,0.52,0.34,open_air
2.42539,0.52,0.34,open_air
2.43403,0.52,0.34,open_air
2.42711,0.52,0.34,open_air
2.42366,0.52,0.34,open_air
2.41851,0.52,0.34,open_air
2.43057,0.52,0.34,open_air
2.42023,0.52,0.34,open_air
2.43057,0.52,0.34,open_air
2.44976,0.52,0.34,open_air
2.42711,0.52,0.34,open_air
2.42194,0.52,0.34,open_air
2.42539,0.52,0.34,open_air
2.42194,0.52,0.34,open_air
2.43057,0.52,0.34,open_air
2.43057,0.52,0.34,open_air
2.42884,0.52,0.34,open_air
2.42711,0.52,0.34,open_air
2.4323,0.52,0.34,open_air
2.42884,0.52,0.34,open_air
2.43057,0.52,0.34,open_air
2.43925,0.52,0.34,open_air
2.42194,0.52,0.34,open_air
2.4323,0.52,0.34,open_air
2.42366,0.52,0.34,open_air
2.42884,0.52,0.34,open_air
2.42711,0.52,0.34,open_air
2.42711,0.52,0.34,open_air
2.4323,0.52,0.34,open_air
2.42711,0.52,0.34,open_air
2.4323,0.52,0.34,open_air
2.43057,0.52,0.34,open_air
2.441,0.52,0.34,open_air
2.43403,0.52,0.34,open_air
2.43577,0.52,0.34,open_air
2.42366,0.52,0.34,open_air
2.4323,0.52,0.34,open_air
2.41851,0.52,0.34,open_air
2.42194,0.52,0.34,open_air
2.441,0.52,0.34,open_air
2.43057,0.52,0.34,open_air
2.42884,0.52,0.34,open_air
2.42884,0.52,0.34,open_air
2.43057,0.52,0.34,open_air
2.441,0.52,0.34,open_air
2.4323,0.52,0.34,open_air
2.43577,0.52,0.34,open_air
2.43057,0.52,0.34,open_air
2.43403,0.52,0.34,open_air
2.43057,0.52,0.34,open_air
2.43925,0.52,0.34,open_air
2.43057,0.52,0.34,open_air
2.4323,0.52,0.34,open_air
2.44449,0.52,0.34,open_air
2.441,0.52,0.34,open_air
2.43751,0.52,0.34,open_air
2.44449,0.52,0.34,open_air
2.4323,0.52,0.34,open_air
2.42539,0.52,0.34,open_air
2.43403,0.52,0.34,open_air
2.43577,0.52,0.34,open_air
2.43057,0.52,0.34,open_air
2.43925,0.52,0.34,open_air
2.43403,0.52,0.34,open_air
2.44274,0.52,0.34,open_air
2.4323,0.52,0.34,open_air
2.43057,0.52,0.34,open_air
2.42366,0.52,0.34,open_air
2.45858,0.52,0.34,open_air
2.43403,0.52,0.34,open_air
2.43751,0.52,0.34,open_air
2.45681,0.52,0.34,open_air
2.43925,0.52,0.34,open_air
2.441,0.52,0.34,open_air
2.4323,0.52,0.34,open_air
2.43403,0.52,0.34,open_air
2.42884,0.52,0.34,open_air
2.45681,0.52,0.34,open_air
2.43925,0.52,0.34,open_air
2.42194,0.52,0.34,open_air
2.45681,0.52,0.34,open_air
2.43751,0.52,0.34,open_air
2.43057,0.52,0.34,open_air
2.43751,0.52,0.34,open_air
2.448,0.52,0.34,open_air
2.44274,0.52,0.34,open_air
2.44449,0.52,0.34,open_air
2.43925,0.52,0.34,open_air
2.43403,0.52,0.34,open_air
2.43751,0.52,0.34,open_air
2.43751,0.52,0.34,open_air
2.44976,0.52,0.34,open_air
2.4323,0.52,0.34,open_air
2.441,0.52,0.34,open_air
2.4323,0.52,0.34,open_air
2.43925,0.52,0.34,open_air
2.44449,0.52,0.34,open_air
2.43403,0.52,0.34,open_air
2.441,0.52,0.34,open_air
2.43403,0.52,0.34,open_air
2.43925,0.52,0.34,open_air
2.43403,0.52,0.34,open_air
2.44274,0.52,0.34,open_air
2.42884,0.52,0.34,open_air
2.43751,0.52,0.34,open_air
2.42366,0.52,0.34,open_air
2.43057,0.52,0.34,open_air
2.43403,0.52,0.34,open_air
2.43751,0.52,0.34,open_air
2.42711,0.52,0.34,open_air
2.43751,0.52,0.34,open_air
2.45858,0.52,0.34,open_air
2.42711,0.52,0.34,open_air
2.43403,0.52,0.34,open_air
2.448,0.52,0.34,open_air
2.4323,0.52,0.34,open_air
2.441,0.52,0.34,open_air
2.45504,0.52,0.34,open_air
2.44449,0.52,0.34,open_air
2.43577,0.52,0.34,open_air
2.43925,0.52,0.34,open_air
2.44624,0.52,0.34,open_air
2.42884,0.52,0.34,open_air
2.4323,0.52,0.34,open_air
2.43057,0.52,0.34,open_air
2.43403,0.52,0.34,open_air
2.43751,0.52,0.34,open_air
2.42539,0.52,0.34,open_air
2.45152,0.52,0.34,open_air
2.441,0.52,0.34,open_air
2.43577,0.52,0.34,open_air
2.4323,0.52,0.34,open_air
2.4323,0.52,0.34,open_air
2.43403,0.52,0.34,open_air
2.44274,0.52,0.34,open_air
2.44274,0.52,0.34,open_air
2.43403,0.52,0.34,open_air
2.45681,0.52,0.34,open_air
2.44449,0.52,0.34,open_air
2.43057,0.52,0.34,open_air
2.44274,0.52,0.34,open_air
2.44449,0.52,0.34,open_air
2.45328,0.52,0.34,open_air
2.43751,0.52,0.34,open_air
2.43925,0.52,0.35,open_air
2.44274,0.52,0.35,open_air
2.42711,0.52,0.35,open_air
2.43057,0.52,0.34,open_air
2.43403,0.52,0.34,open_air
2.42366,0.52,0.34,open_air
2.42539,0.52,0.34,open_air
2.43925,0.52,0.34,open_air
2.4323,0.52,0.34,open_air
2.43751,0.52,0.34,open_air
2.43577,0.52,0.34,open_air
2.441,0.52,0.34,open_air
2.43403,0.52,0.34,open_air
2.42539,0.52,0.34,open_air
2.441,0.52,0.34,open_air
2.441,0.52,0.34,open_air
2.4323,0.52,0.34,open_air
2.42711,0.52,0.34,open_air
2.43057,0.52,0.34,open_air
2.44274,0.52,0.34,open_air
2.441,0.52,0.34,open_air
2.441,0.52,0.34,open_air
2.44274,0.52,0.34,open_air
2.42884,0.52,0.34,open_air
2.42711,0.52,0.34,open_air
2.44449,0.52,0.34,open_air
2.448,0.52,0.34,open_air
2.44274,0.52,0.34,open_air
2.44274,0.52,0.34,open_air
2.44274,0.52,0.34,open_air
2.44976,0.52,0.34,open_air
2.43751,0.52,0.34,open_air
2.44274,0.52,0.34,open_air
2.441,0.52,0.34,open_air
2.44449,0.52,0.34,open_air
2.43057,0.52,0.34,open_air
2.441,0.52,0.34,open_air
2.43751,0.52,0.34,open_air
2.44449,0.52,0.34,open_air
2.45152,0.52,0.34,open_air
2.43403,0.52,0.34,open_air
2.45152,0.52,0.34,open_air
2.46213,0.52,0.34,open_air
2.44449,0.52,0.34,open_air
2.44449,0.52,0.34,open_air
2.43577,0.52,0.34,open_air
2.44274,0.52,0.34,open_air
2.448,0.52,0.34,open_air
2.45504,0.52,0.34,open_air
2.42884,0.52,0.34,open_air
2.44449,0.52,0.34,open_air
2.45681,0.52,0.34,open_air
2.43751,0.52,0.34,open_air
2.44976,0.52,0.34,open_air
2.44274,0.52,0.34,open_air
2.43577,0.52,0.34,open_air
2.44624,0.52,0.34,open_air
2.44274,0.52,0.34,open_air
2.45328,0.52,0.34,open_air
2.47283,0.52,0.34,open_air
2.43751,0.52,0.34,open_air
2.45152,0.52,0.34,open_air
2.45504,0.52,0.34,open_air
2.43925,0.52,0.34,open_air
2.441,0.52,0.34,open_air
2.45681,0.52,0.34,open_air
2.441,0.52,0.34,open_air
2.448,0.52,0.34,open_air
2.441,0.52,0.34,open_air
2.44274,0.52,0.34,open_air
2.45152,0.52,0.34,open_air
2.448,0.52,0.34,open_air
2.45328,0.52,0.34,open_air
2.44624,0.52,0.34,open_air
2.441,0.52,0.34,open_air
2.44624,0.52,0.34,open_air
2.448,0.52,0.34,open_air
2.45152,0.52,0.34,open_air
2.44274,0.52,0.34,open_air
2.448,0.52,0.34,open_air
2.43577,0.52,0.34,open_air
2.43751,0.52,0.34,open_air
2.44624,0.52,0.34,open_air
2.44976,0.52,0.34,open_air
2.44976,0.52,0.34,open_air
2.43925,0.52,0.34,open_air
2.441,0.52,0.34,open_air
2.44624,0.52,0.34,open_air
2.45328,0.52,0.34,open_air
2.44624,0.52,0.34,open_air
2.44976,0.52,0.34,open_air
2.45152,0.52,0.34,open_air
2.44449,0.52,0.34,open_air
2.43925,0.52,0.34,open_air
2.44274,0.52,0.34,open_air
2.43057,0.52,0.34,open_air
2.45152,0.52,0.34,open_air
2.45152,0.52,0.34,open_air
2.43577,0.52,0.34,open_air
2.45152,0.52,0.34,open_air
2.45328,0.52,0.34,open_air
2.448,0.52,0.34,open_air
2.45504,0.52,0.34,open_air
2.43751,0.52,0.34,open_air
2.43751,0.52,0.34,open_air
2.44274,0.52,0.34,open_air
2.45504,0.52,0.34,open_air
2.44449,0.52,0.34,open_air
2.45504,0.52,0.34,open_air
2.44624,0.52,0.34,open_air
2.46568,0.52,0.34,open_air
2.448,0.52,0.34,open_air
2.43925,0.52,0.34,open_air
2.448,0.52,0.34,open_air
2.44976,0.52,0.34,open_air
2.448,0.52,0.34,open_air
2.441,0.52,0.34,open_air
2.45681,0.52,0.34,open_air
2.45152,0.52,0.34,open_air
2.441,0.52,0.34,open_air
2.44624,0.52,0.34,open_air
2.441,0.52,0.34,open_air
2.44449,0.52,0.34,open_air
2.4639,0.52,0.34,open_air
2.448,0.52,0.34,open_air
2.45858,0.52,0.34,open_air
2.44449,0.52,0.35,open_air
2.45681,0.52,0.35,open_air
2.43057,0.52,0.35,open_air
2.44449,0.52,0.35,open_air
2.45681,0.52,0.35,open_air
2.45328,0.52,0.35,open_air
2.45152,0.52,0.35,open_air
2.44274,0.52,0.35,open_air
2.448,0.52,0.35,open_air
2.44274,0.52,0.35,open_air
2.45504,0.52,0.34,open_air
2.46746,0.52,0.34,open_air
2.44624,0.52,0.34,open_air
2.43751,0.52,0.34,open_air
2.448,0.52,0.34,open_air
2.44624,0.52,0.34,open_air
2.45152,0.52,0.34,open_air
2.4639,0.52,0.34,open_air
2.44274,0.52,0.34,open_air
2.45152,0.52,0.34,open_air
2.44976,0.52,0.34,open_air
2.441,0.52,0.34,open_air
2.44449,0.52,0.34,open_air
2.44449,0.52,0.34,open_air
2.45152,0.52,0.34,open_air
2.441,0.52,0.34,open_air
2.44274,0.52,0.34,open_air
2.448,0.52,0.34,open_air
2.43577,0.52,0.34,open_air
2.43925,0.52,0.34,open_air
2.441,0.52,0.34,open_air
2.448,0.52,0.34,open_air
2.46035,0.52,0.34,open_air
2.42884,0.52,0.34,open_air
2.45328,0.52,0.34,open_air
2.43925,0.52,0.34,open_air
2.43403,0.52,0.34,open_air
2.44449,0.52,0.34,open_air
2.44274,0.52,0.34,open_air
2.44976,0.52,0.34,open_air
2.44624,0.52,0.34,open_air
2.45152,0.52,0.34,open_air
2.44449,0.52,0.34,open_air
2.46035,0.52,0.34,open_air
2.441,0.52,0.34,open_air
2.44274,0.52,0.34,open_air
2.42884,0.52,0.34,open_air
2.4323,0.52,0.34,open_air
2.43403,0.52,0.34,open_air
2.44449,0.52,0.34,open_air
2.448,0.52,0.34,open_air
2.43751,0.52,0.34,open_air
2.45152,0.52,0.34,open_air
2.441,0.52,0.34,open_air
2.45504,0.52,0.34,open_air
2.44274,0.52,0.34,open_air
2.448,0.52,0.34,open_air
2.441,0.52,0.35,open_air
2.43925,0.52,0.35,open_air
2.43057,0.52,0.35,open_air
2.441,0.52,0.34,open_air
2.46213,0.52,0.34,open_air
2.43057,0.52,0.34,open_air
2.43925,0.52,0.34,open_air
2.44449,0.52,0.34,open_air
2.43925,0.52,0.35,open_air
2.42366,0.52,0.35,open_air
2.43925,0.52,0.34,open_air
2.43751,0.52,0.34,open_air
2.44274,0.52,0.35,open_air
2.441,0.52,0.35,open_air
2.441,0.52,0.35,open_air
2.43057,0.52,0.35,open_air
2.43057,0.52,0.35,open_air
2.42884,0.52,0.35,open_air
2.43751,0.52,0.35,open_air
2.441,0.52,0.35,open_air
2.4323,0.52,0.35,open_air
2.44274,0.52,0.35,open_air
2.44449,0.52,0.35,open_air
2.448,0.52,0.35,open_air
2.43057,0.52,0.35,open_air
2.43577,0.52,0.35,open_air
2.4323,0.52,0.35,open_air
2.43577,0.52,0.34,open_air
2.43403,0.52,0.35,open_air
2.42711,0.52,0.34,open_air
2.43403,0.52,0.34,open_air
2.45504,0.52,0.34,open_air
2.44624,0.52,0.34,open_air
2.44449,0.52,0.34,open_air
2.43925,0.52,0.34,open_air
2.44274,0.52,0.34,open_air
2.42884,0.52,0.34,open_air
2.43403,0.52,0.34,open_air
2.43577,0.52,0.35,open_air
2.4323,0.52,0.35,open_air
2.4323,0.52,0.35,open_air
2.43403,0.52,0.35,open_air
2.45681,0.52,0.35,open_air
2.43057,0.52,0.35,open_air
2.45858,0.52,0.35,open_air
2.441,0.52,0.35,open_air
2.46213,0.52,0.35,open_air
2.46035,0.52,0.35,open_air
2.441,0.52,0.35,open_air
2.43751,0.52,0.35,open_air
2.441,0.52,0.35,open_air
2.43403,0.52,0.35,open_air
2.43925,0.52,0.35,open_air
2.45681,0.52,0.34,open_air
2.42711,0.52,0.35,open_air
2.43577,0.52,0.35,open_air
2.43925,0.52,0.35,open_air
2.45504,0.52,0.35,open_air
2.448,0.52,0.35,open_air
2.44976,0.52,0.35,open_air
2.43577,0.52,0.35,open_air
2.43403,0.52,0.35,open_air
2.45681,0.52,0.35,open_air
2.42884,0.52,0.35,open_air
2.43925,0.52,0.35,open_air
2.43751,0.52,0.35,open_air
2.441,0.52,0.35,open_air
2.4323,0.52,0.35,open_air
2.43403,0.52,0.35,open_air
2.45504,0.52,0.35,open_air
2.43751,0.52,0.35,open_air
2.43403,0.52,0.35,open_air
2.44274,0.52,0.35,open_air
2.43403,0.52,0.35,open_air
2.4323,0.52,0.35,open_air
2.448,0.52,0.35,open_air
2.42711,0.52,0.35,open_air
2.4323,0.52,0.35,open_air
2.42711,0.52,0.35,open_air
2.42884,0.52,0.35,open_air
2.441,0.52,0.35,open_air
2.43925,0.52,0.35,open_air
2.43057,0.52,0.34,open_air
2.43577,0.52,0.34,open_air
2.44274,0.52,0.34,open_air
2.43751,0.52,0.34,open_air
2.45681,0.52,0.34,open_air
2.45858,0.52,0.34,open_air
2.43403,0.52,0.34,open_air
2.441,0.52,0.34,open_air
2.44449,0.52,0.34,open_air
2.44976,0.52,0.34,open_air
2.43403,0.52,0.34,open_air
2.43751,0.52,0.34,open_air
2.42539,0.52,0.34,open_air
2.43925,0.52,0.34,open_air
2.43925,0.52,0.34,open_air
2.4323,0.52,0.34,open_air
2.4323,0.52,0.34,open_air
2.43751,0.52,0.34,open_air
2.43577,0.52,0.34,open_air
2.44274,0.52,0.34,open_air
2.441,0.52,0.34,open_air
2.441,0.52,0.34,open_air
2.43403,0.52,0.34,open_air
2.45328,0.52,0.34,open_air
2.44274,0.52,0.34,open_air
2.44449,0.52,0.34,open_air
2.46035,0.52,0.34,open_air
2.43751,0.52,0.34,open_air
2.43925,0.52,0.34,open_air
2.44449,0.52,0.34,open_air
2.4323,0.52,0.34,open_air
2.4323,0.52,0.34,open_air
2.43577,0.52,0.34,open_air
2.43577,0.52,0.34,open_air
2.43577,0.52,0.34,open_air
2.45328,0.52,0.34,open_air
2.43925,0.52,0.34,open_air
2.43751,0.52,0.34,open_air
2.43403,0.52,0.34,open_air
2.42711,0.52,0.34,open_air
2.43577,0.52,0.34,open_air
2.43925,0.52,0.34,open_air
2.45858,0.52,0.34,open_air
2.43057,0.52,0.34,open_air
2.43751,0.52,0.34,open_air
2.43403,0.52,0.34,open_air
2.44449,0.52,0.34,open_air
2.43577,0.52,0.34,open_air
2.45152,0.52,0.34,open_air
2.43577,0.52,0.34,open_air
2.44449,0.52,0.34,open_air
2.441,0.52,0.34,open_air
2.43577,0.52,0.34,open_air
2.4323,0.52,0.34,open_air
2.4323,0.52,0.34,open_air
2.43577,0.52,0.34,open_air
2.43403,0.52,0.34,open_air
2.43577,0.52,0.34,open_air
2.441,0.52,0.34,open_air
2.46035,0.52,0.34,open_air
2.42884,0.52,0.34,open_air
2.43403,0.52,0.34,open_air
2.4323,0.52,0.34,open_air
2.43577,0.52,0.34,open_air
2.43577,0.52,0.34,open_air
2.43925,0.52,0.34,open_air
2.44624,0.52,0.34,open_air
2.46035,0.52,0.34,open_air
2.43925,0.52,0.34,open_air
2.46035,0.52,0.34,open_air
2.43925,0.52,0.34,open_air
2.42023,0.52,0.34,open_air
2.43403,0.52,0.34,open_air
2.43751,0.52,0.34,open_air
2.45328,0.52,0.34,open_air
2.45504,0.52,0.34,open_air
2.4323,0.52,0.34,open_air
2.45681,0.52,0.34,open_air
2.42711,0.52,0.34,open_air
2.43577,0.52,0.34,open_air
2.4323,0.52,0.34,open_air
2.45328,0.52,0.34,open_air
2.42884,0.52,0.34,open_air
2.45504,0.52,0.34,open_air
2.43925,0.52,0.34,open_air
2.43403,0.52,0.34,open_air
2.441,0.52,0.34,open_air
2.43577,0.52,0.34,open_air
2.441,0.52,0.34,open_air
2.45858,0.52,0.34,open_air
2.43403,0.52,0.34,open_air
2.43751,0.52,0.34,open_air
2.45858,0.52,0.34,open_air
2.44274,0.52,0.34,open_air
2.42711,0.52,0.34,open_air
2.44976,0.52,0.34,open_air
2.43925,0.52,0.34,open_air
